account_id,customer_id,branch_code,product_type,open_date,close_date,status,interest_rate
LCB00000001,C0001086,BR020,CD,2010-03-24,,OPEN,0.0460
LCB00000002,C0001449,BR027,CHECKING,2020-05-07,,OPEN,0.0003
LCB00000003,C0000580,BR002,SAVINGS,2013-05-30,,OPEN,0.0052
LCB00000004,C0000072,BR015,CHECKING,2013-06-20,,OPEN,0.0004
LCB00000005,C0000371,BR017,MONEY_MARKET,2023-12-14,,OPEN,0.0292
LCB00000006,C0000299,BR039,SAVINGS,2023-11-23,,OPEN,0.0117
LCB00000007,C0000011,BR029,MONEY_MARKET,2026-09-20,,OPEN,0.0237
LCB00000008,C0000480,BR005,CHECKING,2024-07-21,,OPEN,0.0010
LCB00000009,C0001124,BR006,MONEY_MARKET,2005-05-06,,OPEN,0.0281
LCB00000010,C0001017,BR013,CHECKING,2025-06-13,,OPEN,0.0002
LCB00000011,C0000970,BR006,SAVINGS,2021-09-22,,OPEN,0.0088
LCB00000012,C0000408,BR021,CD,2004-01-21,,OPEN,0.0374
LCB00000013,C0000185,BR020,SAVINGS,2011-01-04,,OPEN,0.0112
LCB00000014,C0001226,BR023,SAVINGS,2020-05-23,,OPEN,0.0050
LCB00000015,C0000322,BR013,SAVINGS,2011-04-12,,OPEN,0.0095
LCB00000016,C0000176,BR031,CHECKING,2019-01-29,,OPEN,0.0006
LCB00000017,C0000961,BR030,CHECKING,2025-03-21,,OPEN,0.0008
LCB00000018,C0001269,BR039,CHECKING,2026-04-02,,OPEN,0.0001
LCB00000019,C0001214,BR012,CHECKING,2022-07-29,,OPEN,0.0003
LCB00000020,C0000594,BR012,CHECKING,2007-10-20,,OPEN,0.0008
LCB00000021,C0000988,BR035,MONEY_MARKET,2023-01-20,,OPEN,0.0269
LCB00000022,C0001028,BR017,SAVINGS,2026-07-29,,OPEN,0.0116
LCB00000023,C0001279,BR029,CHECKING,2026-02-22,,OPEN,0.0001
LCB00000024,C0001430,BR001,CHECKING,2025-04-24,,OPEN,0.0007
LCB00000025,C0000133,BR027,SAVINGS,2024-05-20,,OPEN,0.0086
LCB00000026,C0001118,BR013,MONEY_MARKET,2021-10-08,,OPEN,0.0359
LCB00000027,C0001176,BR009,CHECKING,2026-09-09,,OPEN,0.0002
LCB00000028,C0000084,BR002,SAVINGS,2024-10-02,,OPEN,0.0112
LCB00000029,C0000964,BR014,SAVINGS,2016-04-28,,OPEN,0.0077
LCB00000030,C0000189,BR023,SAVINGS,2019-04-07,,OPEN,0.0075
LCB00000031,C0000748,BR034,SAVINGS,2014-10-02,,OPEN,0.0066
LCB00000032,C0000102,BR002,SAVINGS,2018-12-24,,OPEN,0.0100
LCB00000033,C0000297,BR041,MONEY_MARKET,2026-04-15,,OPEN,0.0239
LCB00000034,C0001133,BR020,SAVINGS,2020-06-10,,OPEN,0.0122
LCB00000035,C0000567,BR020,MONEY_MARKET,2023-11-10,,OPEN,0.0255
LCB00000036,C0000124,BR036,CHECKING,2024-05-05,,OPEN,0.0002
LCB00000037,C0000865,BR018,CHECKING,2026-04-21,,OPEN,0.0002
LCB00000038,C0000474,BR025,SAVINGS,2026-05-05,,OPEN,0.0106
LCB00000039,C0000900,BR020,MONEY_MARKET,2024-07-28,,OPEN,0.0284
LCB00000040,C0000318,BR014,CHECKING,2026-08-17,,OPEN,0.0002
LCB00000041,C0000612,BR013,CHECKING,2018-08-23,,OPEN,0.0006
LCB00000042,C0000312,BR004,CD,2025-10-05,,OPEN,0.0436
LCB00000043,C0000573,BR030,MONEY_MARKET,2006-05-28,,OPEN,0.0347
LCB00000044,C0000833,BR014,CHECKING,2023-09-13,,OPEN,0.0004
LCB00000045,C0000353,BR028,CHECKING,2010-07-22,,OPEN,0.0003
LCB00000046,C0000659,BR011,SAVINGS,1999-09-15,,OPEN,0.0084
LCB00000047,C0000464,BR032,CHECKING,2010-10-29,,OPEN,0.0009
LCB00000048,C0000357,BR010,CHECKING,2009-05-20,,OPEN,0.0001
LCB00000049,C0001227,BR030,CHECKING,2025-02-19,2026-07-16,CLOSED,0.0004
LCB00000050,C0000336,BR034,CHECKING,2025-09-23,,OPEN,0.0004
LCB00000051,C0001177,BR002,CHECKING,2023-11-01,,OPEN,0.0006
LCB00000052,C0001377,BR027,SAVINGS,2019-08-16,,OPEN,0.0078
LCB00000053,C0000584,BR025,SAVINGS,2026-01-17,,OPEN,0.0089
LCB00000054,C0000651,BR010,CHECKING,2023-08-04,,OPEN,0.0006
LCB00000055,C0000949,BR011,MONEY_MARKET,2023-08-09,,OPEN,0.0358
LCB00000056,C0000899,BR029,CHECKING,2009-12-13,,OPEN,0.0009
LCB00000057,C0000614,BR014,CD,2019-05-21,,OPEN,0.0367
LCB00000058,C0000757,BR021,SAVINGS,2019-04-06,,OPEN,0.0099
LCB00000059,C0000289,BR030,MONEY_MARKET,2026-06-18,,OPEN,0.0374
LCB00000060,C0000715,BR019,CHECKING,2026-03-03,,OPEN,0.0000
LCB00000061,C0001213,BR005,CD,2025-04-13,,OPEN,0.0361
LCB00000062,C0000501,BR010,SAVINGS,2025-09-16,,OPEN,0.0043
LCB00000063,C0000424,BR008,SAVINGS,2026-09-05,,OPEN,0.0076
LCB00000064,C0000907,BR025,SAVINGS,2021-03-31,,OPEN,0.0062
LCB00000065,C0000704,BR022,MONEY_MARKET,2017-02-11,,OPEN,0.0271
LCB00000066,C0001270,BR005,CD,2023-10-22,,OPEN,0.0368
LCB00000067,C0000660,BR007,MONEY_MARKET,2026-07-22,,OPEN,0.0327
LCB00000068,C0000229,BR015,MONEY_MARKET,2023-08-12,,OPEN,0.0275
LCB00000069,C0000452,BR020,MONEY_MARKET,2026-03-06,,OPEN,0.0312
LCB00000070,C0000713,BR025,CHECKING,2021-12-17,,OPEN,0.0008
LCB00000071,C0000628,BR041,CHECKING,2019-08-02,,OPEN,0.0001
LCB00000072,C0000910,BR023,MONEY_MARKET,2020-12-30,,OPEN,0.0280
LCB00000073,C0001170,BR032,CHECKING,2019-09-05,,OPEN,0.0008
LCB00000074,C0000168,BR037,CHECKING,2024-12-13,,OPEN,0.0009
LCB00000075,C0001449,BR005,SAVINGS,2022-11-02,,OPEN,0.0083
LCB00000076,C0000110,BR039,MONEY_MARKET,2020-07-25,,OPEN,0.0334
LCB00000077,C0001169,BR009,SAVINGS,2026-07-05,,OPEN,0.0088
LCB00000078,C0000036,BR006,CHECKING,2018-07-02,,OPEN,0.0004
LCB00000079,C0000555,BR003,SAVINGS,2016-03-07,,OPEN,0.0115
LCB00000080,C0000760,BR036,CHECKING,2001-11-08,,OPEN,0.0009
LCB00000081,C0000816,BR035,CD,2020-11-30,,OPEN,0.0350
LCB00000082,C0000154,BR015,SAVINGS,2026-08-09,,OPEN,0.0042
LCB00000083,C0000169,BR010,CHECKING,2024-05-16,,OPEN,0.0008
LCB00000084,C0001137,BR040,CHECKING,2022-08-05,,OPEN,0.0005
LCB00000085,C0000103,BR034,CHECKING,2008-11-10,,OPEN,0.0009
LCB00000086,C0000818,BR007,CD,2022-11-24,,OPEN,0.0406
LCB00000087,C0001058,BR009,SAVINGS,2020-08-25,,OPEN,0.0088
LCB00000088,C0000068,BR004,SAVINGS,2024-08-08,,OPEN,0.0064
LCB00000089,C0000117,BR035,SAVINGS,2008-02-16,,OPEN,0.0102
LCB00000090,C0000461,BR037,SAVINGS,2024-07-11,,OPEN,0.0113
LCB00000091,C0000575,BR026,CD,2021-06-17,,OPEN,0.0461
LCB00000092,C0000384,BR014,SAVINGS,2025-01-19,,OPEN,0.0077
LCB00000093,C0000507,BR003,CHECKING,2019-12-21,,OPEN,0.0001
LCB00000094,C0001288,BR021,SAVINGS,2021-05-01,,OPEN,0.0068
LCB00000095,C0000330,BR017,MONEY_MARKET,2022-08-19,,OPEN,0.0219
LCB00000096,C0001007,BR010,CHECKING,2023-07-29,,OPEN,0.0010
LCB00000097,C0000768,BR010,CHECKING,2015-01-29,,OPEN,0.0003
LCB00000098,C0000495,BR033,CHECKING,2024-07-27,,OPEN,0.0009
LCB00000099,C0000618,BR024,CHECKING,2026-05-28,,OPEN,0.0005
LCB00000100,C0000387,BR016,CHECKING,2020-07-02,,OPEN,0.0009
LCB00000101,C0000383,BR016,CHECKING,2017-09-03,,OPEN,0.0007
LCB00000102,C0001165,BR017,SAVINGS,2024-10-20,,OPEN,0.0095
LCB00000103,C0001060,BR014,CHECKING,2021-10-02,,OPEN,0.0006
LCB00000104,C0000959,BR024,CHECKING,2025-12-10,,OPEN,0.0007
LCB00000105,C0001009,BR023,CD,2023-08-28,,OPEN,0.0454
LCB00000106,C0001424,BR020,MONEY_MARKET,2009-11-03,,OPEN,0.0298
LCB00000107,C0000327,BR002,CHECKING,2016-05-23,,OPEN,0.0008
LCB00000108,C0001337,BR002,CHECKING,2024-10-30,,OPEN,0.0001
LCB00000109,C0000636,BR009,SAVINGS,2021-07-25,,OPEN,0.0074
LCB00000110,C0000088,BR025,CHECKING,2021-05-15,,OPEN,0.0003
LCB00000111,C0000334,BR028,CHECKING,2024-05-29,,OPEN,0.0006
LCB00000112,C0000326,BR030,CHECKING,2026-03-29,,OPEN,0.0010
LCB00000113,C0001395,BR018,CHECKING,2023-11-24,,OPEN,0.0007
LCB00000114,C0001184,BR042,CHECKING,2026-06-17,,OPEN,0.0009
LCB00000115,C0000782,BR037,SAVINGS,2026-08-25,,OPEN,0.0061
LCB00000116,C0000923,BR018,SAVINGS,2024-11-11,,OPEN,0.0124
LCB00000117,C0001010,BR017,CD,2021-10-14,,OPEN,0.0358
LCB00000118,C0001255,BR023,CHECKING,2018-08-16,,OPEN,0.0005
LCB00000119,C0000317,BR024,SAVINGS,2024-03-05,,OPEN,0.0107
LCB00000120,C0000922,BR023,CHECKING,2025-05-01,,OPEN,0.0001
LCB00000121,C0000225,BR038,CD,2020-05-20,,OPEN,0.0412
LCB00000122,C0000625,BR035,CHECKING,2025-08-23,,OPEN,0.0006
LCB00000123,C0000989,BR010,CHECKING,2022-12-25,,OPEN,0.0007
LCB00000124,C0000017,BR021,CHECKING,2019-04-28,,OPEN,0.0003
LCB00000125,C0001115,BR017,SAVINGS,2023-11-27,,OPEN,0.0078
LCB00000126,C0000056,BR039,SAVINGS,2026-04-09,,OPEN,0.0064
LCB00000127,C0001389,BR018,SAVINGS,2026-07-12,,OPEN,0.0108
LCB00000128,C0001033,BR010,CHECKING,2013-07-29,,OPEN,0.0005
LCB00000129,C0000902,BR004,CD,2001-01-19,,OPEN,0.0421
LCB00000130,C0000166,BR037,CHECKING,2017-01-07,,OPEN,0.0007
LCB00000131,C0001280,BR025,CHECKING,2005-10-12,,OPEN,0.0004
LCB00000132,C0000265,BR030,CHECKING,2005-02-26,,OPEN,0.0003
LCB00000133,C0000446,BR031,SAVINGS,2022-11-29,,OPEN,0.0093
LCB00000134,C0000104,BR006,SAVINGS,1999-11-07,,OPEN,0.0105
LCB00000135,C0000485,BR018,CHECKING,2024-12-07,,OPEN,0.0003
LCB00000136,C0000866,BR020,CHECKING,2016-10-18,,OPEN,0.0006
LCB00000137,C0001101,BR037,CHECKING,2025-05-09,,OPEN,0.0003
LCB00000138,C0001313,BR013,MONEY_MARKET,2023-11-16,,OPEN,0.0233
LCB00000139,C0000516,BR033,CHECKING,2025-02-26,,OPEN,0.0008
LCB00000140,C0000150,BR007,CHECKING,2011-08-29,,OPEN,0.0005
LCB00000141,C0000766,BR024,MONEY_MARKET,2018-12-04,,OPEN,0.0214
LCB00000142,C0001004,BR012,CD,2021-04-02,,OPEN,0.0408
LCB00000143,C0000410,BR022,SAVINGS,2013-08-15,,OPEN,0.0057
LCB00000144,,BR009,CHECKING,2008-10-17,2026-08-08,CLOSED,0.0009
LCB00000145,C0001035,BR036,CHECKING,2024-08-10,,OPEN,0.0004
LCB00000146,C0000629,BR019,MONEY_MARKET,2015-08-09,,OPEN,0.0230
LCB00000147,C0000595,BR016,CHECKING,2005-03-17,,OPEN,0.0006
LCB00000148,C0000004,BR024,MONEY_MARKET,2016-02-24,,OPEN,0.0247
LCB00000149,C0001042,BR007,MONEY_MARKET,2021-01-27,,OPEN,0.0206
LCB00000150,C0000128,BR021,CD,2018-08-30,,OPEN,0.0455
LCB00000151,C0000539,BR020,CHECKING,2009-03-08,,OPEN,0.0009
LCB00000152,C0000697,BR022,CHECKING,2025-12-13,,OPEN,0.0004
LCB00000153,C0000401,BR036,SAVINGS,2019-05-29,,OPEN,0.0059
LCB00000154,C0001244,BR037,CHECKING,2011-11-30,,OPEN,0.0008
LCB00000155,C0000664,BR024,SAVINGS,2025-10-03,,OPEN,0.0087
LCB00000156,C0001367,BR038,MONEY_MARKET,2025-02-08,,OPEN,0.0298
LCB00000157,C0001432,BR040,CHECKING,2026-05-01,,OPEN,0.0008
LCB00000158,C0000107,BR019,CHECKING,2019-08-25,,OPEN,0.0007
LCB00000159,C0001043,BR006,SAVINGS,2015-09-08,,OPEN,0.0069
LCB00000160,C0000488,BR019,CHECKING,2018-10-14,,OPEN,0.0009
LCB00000161,C0000017,BR021,CHECKING,2021-09-29,,OPEN,0.0008
LCB00000162,C0000938,BR014,SAVINGS,2025-07-06,,OPEN,0.0112
LCB00000163,C0000997,BR041,MONEY_MARKET,2024-09-25,,OPEN,0.0341
LCB00000164,C0000803,BR014,CHECKING,2023-05-09,,OPEN,0.0007
LCB00000165,C0000015,BR034,CHECKING,2010-06-25,,OPEN,0.0006
LCB00000166,C0000029,BR008,CHECKING,2017-04-02,,OPEN,0.0009
LCB00000167,C0000950,BR038,CHECKING,2023-12-10,,OPEN,0.0004
LCB00000168,C0000270,BR014,CHECKING,2021-04-14,2026-07-09,CLOSED,0.0007
LCB00000169,C0000316,BR009,MONEY_MARKET,2023-09-26,,OPEN,0.0288
LCB00000170,C0001127,BR028,CD,2006-08-20,,OPEN,0.0353
LCB00000171,C0000236,BR007,MONEY_MARKET,2011-01-22,,OPEN,0.0368
LCB00000172,C0000248,BR018,SAVINGS,2003-05-26,,OPEN,0.0101
LCB00000173,C0000121,BR002,CHECKING,2017-03-22,,OPEN,0.0000
LCB00000174,C0001151,BR031,CHECKING,2024-03-24,,OPEN,0.0009
LCB00000175,C0000284,BR010,CHECKING,2022-11-04,,OPEN,0.0004
LCB00000176,C0000445,BR039,CHECKING,2026-08-17,,OPEN,0.0007
LCB00000177,C0000426,BR025,CHECKING,2026-03-19,,OPEN,0.0007
LCB00000178,C0000611,BR010,CD,2009-10-09,,OPEN,0.0450
LCB00000179,C0000767,BR024,SAVINGS,2020-12-31,,OPEN,0.0056
LCB00000180,C0000150,BR007,SAVINGS,2025-02-20,,OPEN,0.0060
LCB00000181,C0000328,BR011,CHECKING,2018-12-02,,OPEN,0.0003
LCB00000182,C0000753,BR006,CHECKING,2023-09-17,,OPEN,0.0008
LCB00000183,C0000631,BR026,CHECKING,2024-05-09,,OPEN,0.0002
LCB00000184,C0001374,BR008,SAVINGS,2025-05-13,,OPEN,0.0115
LCB00000185,C0000235,BR019,MONEY_MARKET,2019-05-19,,OPEN,0.0235
LCB00000186,C0000552,BR002,CHECKING,2015-11-10,,OPEN,0.0007
LCB00000187,C0001157,BR016,CHECKING,2026-05-18,,OPEN,0.0005
LCB00000188,C0000540,BR017,SAVINGS,2014-12-29,,OPEN,0.0074
LCB00000189,C0000471,BR023,CHECKING,2020-03-01,,OPEN,0.0003
LCB00000190,C0000063,BR022,SAVINGS,2017-04-20,,OPEN,0.0120
LCB00000191,C0001274,BR042,CHECKING,2024-12-06,,OPEN,0.0005
LCB00000192,C0000520,BR016,SAVINGS,2026-09-26,,OPEN,0.0124
LCB00000193,C0001317,BR011,CHECKING,2026-06-26,,OPEN,0.0009
LCB00000194,C0000761,BR010,CHECKING,2025-11-20,,OPEN,0.0007
LCB00000195,C0000934,BR017,CHECKING,2026-07-23,,OPEN,0.0008
LCB00000196,C0000579,BR003,CD,2011-03-26,,OPEN,0.0467
LCB00000197,C0000834,BR041,CHECKING,2023-11-14,,OPEN,0.0009
LCB00000198,C0000341,BR012,SAVINGS,2006-12-09,,OPEN,0.0086
LCB00000199,C0000157,BR017,SAVINGS,2021-11-20,,OPEN,0.0079
LCB00000200,C0000286,BR006,CHECKING,2012-02-04,,OPEN,0.0005
LCB00000201,C0001134,BR016,CHECKING,2011-02-24,,OPEN,0.0002
LCB00000202,C0000160,BR026,CHECKING,2023-03-28,,OPEN,0.0002
LCB00000203,C0001071,BR004,MONEY_MARKET,2022-08-24,,OPEN,0.0344
LCB00000204,C0000996,BR010,MONEY_MARKET,2016-08-20,,OPEN,0.0307
LCB00000205,C0001041,BR024,SAVINGS,2025-07-30,,OPEN,0.0073
LCB00000206,C0000358,BR005,CHECKING,2023-08-26,,OPEN,0.0003
LCB00000207,C0000858,BR017,SAVINGS,2026-07-10,,OPEN,0.0121
LCB00000208,C0000447,BR020,SAVINGS,2025-02-04,,OPEN,0.0098
LCB00000209,C0000944,BR024,MONEY_MARKET,2024-06-03,,OPEN,0.0352
LCB00000210,C0000342,BR039,CHECKING,2026-06-12,,OPEN,0.0008
LCB00000211,C0000630,BR003,SAVINGS,2026-04-01,,OPEN,0.0045
LCB00000212,C0001223,BR006,CHECKING,2025-07-07,,OPEN,0.0003
LCB00000213,C0000927,BR013,SAVINGS,2024-12-17,,OPEN,0.0111
LCB00000214,C0000717,BR016,SAVINGS,2008-01-11,,OPEN,0.0090
LCB00000215,C0000285,BR030,MONEY_MARKET,2019-09-04,,OPEN,0.0313
LCB00000216,C0000562,BR018,MONEY_MARKET,2026-03-16,,OPEN,0.0221
LCB00000217,C0001323,BR021,CHECKING,2025-01-12,,OPEN,0.0010
LCB00000218,C0000074,BR013,CHECKING,2018-06-03,,OPEN,0.0010
LCB00000219,C0000538,BR009,SAVINGS,2021-07-31,,OPEN,0.0061
LCB00000220,C0001080,BR029,CD,2019-02-08,,OPEN,0.0373
LCB00000221,C0001147,BR024,CHECKING,2020-12-14,,OPEN,0.0004
LCB00000222,C0000883,BR029,CHECKING,2025-06-03,,OPEN,0.0001
LCB00000223,C0001448,BR018,CHECKING,2013-09-18,,OPEN,0.0002
LCB00000224,C0000708,BR021,CHECKING,2026-07-19,,OPEN,0.0006
LCB00000225,C0000663,BR032,SAVINGS,2007-09-14,,OPEN,0.0091
LCB00000226,C0001252,BR028,SAVINGS,2019-11-17,,OPEN,0.0073
LCB00000227,C0001105,BR013,SAVINGS,2026-05-04,,OPEN,0.0044
LCB00000228,C0000890,BR004,SAVINGS,2017-08-31,,OPEN,0.0117
LCB00000229,C0000796,BR007,CHECKING,2026-03-23,,OPEN,0.0007
LCB00000230,C0000103,BR034,CHECKING,2010-03-09,,OPEN,0.0003
LCB00000231,C0001320,BR032,CHECKING,2015-12-03,,OPEN,0.0000
LCB00000232,C0000535,BR036,MONEY_MARKET,2026-08-22,,OPEN,0.0243
LCB00000233,C0000558,BR009,CHECKING,2017-09-18,,OPEN,0.0004
LCB00000234,C0001079,BR020,CHECKING,2020-04-03,,OPEN,0.0004
LCB00000235,C0001112,BR018,CHECKING,2026-02-27,,OPEN,0.0008
LCB00000236,C0000319,BR030,CHECKING,2019-10-02,,OPEN,0.0005
LCB00000237,C0000179,BR019,SAVINGS,2020-03-04,,OPEN,0.0107
LCB00000238,C0000035,BR027,SAVINGS,2022-12-28,,OPEN,0.0082
LCB00000239,C0001349,BR004,SAVINGS,2011-01-08,,OPEN,0.0040
LCB00000240,C0000095,BR006,SAVINGS,2024-11-02,,OPEN,0.0122
LCB00000241,C0000744,BR015,MONEY_MARKET,2020-09-09,,OPEN,0.0273
LCB00000242,C0001268,BR016,CHECKING,2024-04-04,,OPEN,0.0003
LCB00000243,C0001079,BR020,MONEY_MARKET,2012-10-20,,OPEN,0.0280
LCB00000244,C0000592,BR010,SAVINGS,2016-01-02,,OPEN,0.0099
LCB00000245,C0001330,BR041,CHECKING,2022-09-27,,OPEN,0.0005
LCB00000246,C0000469,BR028,CHECKING,2024-01-13,,OPEN,0.0001
LCB00000247,C0001267,BR027,CD,2025-05-03,,OPEN,0.0359
LCB00000248,C0000605,BR015,SAVINGS,2025-08-14,,OPEN,0.0086
LCB00000249,C0001232,BR001,CHECKING,2023-08-09,,OPEN,0.0010
LCB00000250,C0000240,BR023,MONEY_MARKET,2008-03-29,,OPEN,0.0299
LCB00000251,C0000188,BR020,MONEY_MARKET,2024-10-04,,OPEN,0.0263
LCB00000252,C0001058,BR009,CHECKING,2019-11-29,,OPEN,0.0008
LCB00000253,C0001018,BR022,CHECKING,2019-12-05,,OPEN,0.0006
LCB00000254,C0000493,BR026,CHECKING,2025-09-22,,OPEN,0.0006
LCB00000255,C0000636,BR002,CHECKING,2023-08-16,,OPEN,0.0009
LCB00000256,C0000363,BR006,CHECKING,2022-11-23,,OPEN,0.0003
LCB00000257,C0000838,BR023,MONEY_MARKET,2026-08-25,,OPEN,0.0212
LCB00000258,C0001300,BR010,CHECKING,2013-11-20,,OPEN,0.0003
LCB00000259,C0001195,BR041,CHECKING,2025-10-02,,OPEN,0.0000
LCB00000260,C0001209,BR021,CD,2024-01-24,,OPEN,0.0356
LCB00000261,C0000966,BR010,MONEY_MARKET,2021-12-06,,OPEN,0.0320
LCB00000262,C0000517,BR025,MONEY_MARKET,2024-09-23,,OPEN,0.0284
LCB00000263,C0000225,BR038,SAVINGS,2020-12-06,,OPEN,0.0119
LCB00000264,C0001248,BR015,MONEY_MARKET,2020-01-12,,OPEN,0.0271
LCB00000265,C0001225,BR002,MONEY_MARKET,2025-08-10,,OPEN,0.0371
LCB00000266,C0000505,BR007,CHECKING,2021-09-08,,OPEN,0.0003
LCB00000267,C0000582,BR021,CHECKING,2021-12-19,,OPEN,0.0009
LCB00000268,C0000268,BR011,SAVINGS,2002-10-19,,OPEN,0.0111
LCB00000269,C0000412,BR020,SAVINGS,2016-05-24,,OPEN,0.0061
LCB00000270,C0001009,BR023,MONEY_MARKET,2011-04-19,,OPEN,0.0368
LCB00000271,C0000655,BR024,MONEY_MARKET,2017-11-30,,OPEN,0.0281
LCB00000272,C0001340,BR023,CHECKING,2011-05-18,,OPEN,0.0007
LCB00000273,C0001110,BR030,SAVINGS,2014-09-08,,OPEN,0.0113
LCB00000274,C0000599,BR003,CHECKING,2021-07-28,,OPEN,0.0001
LCB00000275,C0001074,BR002,CHECKING,2023-03-14,,OPEN,0.0009
LCB00000276,C0001010,BR027,CHECKING,2023-12-02,,OPEN,0.0005
LCB00000277,C0000571,BR005,CHECKING,2025-03-02,,OPEN,0.0001
LCB00000278,C0001100,BR041,CHECKING,2024-04-08,,OPEN,0.0008
LCB00000279,C0001216,BR025,CHECKING,2026-06-16,,OPEN,0.0009
LCB00000280,C0000691,BR019,SAVINGS,2025-12-19,,OPEN,0.0098
LCB00000281,C0001375,BR021,SAVINGS,2017-09-24,,OPEN,0.0098
LCB00000282,C0001126,BR7,CHECKING,2026-08-22,,OPEN,0.0006
LCB00000283,C0000857,BR005,SAVINGS,2023-12-22,,OPEN,0.0047
LCB00000284,C0001084,BR012,CHECKING,2022-01-12,,OPEN,0.0002
LCB00000285,C0000229,BR015,CHECKING,2022-03-07,,OPEN,0.0006
LCB00000286,C0000529,BR013,CHECKING,2011-06-25,,OPEN,0.0003
LCB00000287,C0000373,BR020,SAVINGS,2026-02-10,,OPEN,0.0105
LCB00000288,C0000020,BR016,CHECKING,2023-06-20,,OPEN,0.0000
LCB00000289,C0001336,BR017,SAVINGS,2026-08-19,,OPEN,0.0122
LCB00000290,C0000531,BR017,MONEY_MARKET,2023-10-13,,OPEN,0.0280
LCB00000291,C0001073,BR008,SAVINGS,2024-12-28,,OPEN,0.0092
LCB00000292,C0000315,BR041,CHECKING,2018-06-08,,OPEN,0.0001
LCB00000293,C0000673,BR025,SAVINGS,2024-08-14,,OPEN,0.0103
LCB00000294,C0000711,BR002,MONEY_MARKET,2020-02-03,,OPEN,0.0219
LCB00000295,C0000072,BR015,CD,2014-09-29,,OPEN,0.0468
LCB00000296,C0000458,BR042,CHECKING,2011-05-03,,OPEN,0.0008
LCB00000297,C0001325,BR005,MONEY_MARKET,2019-08-22,,OPEN,0.0344
LCB00000298,C0001000,BR012,CHECKING,2014-11-05,,OPEN,0.0002
LCB00000299,C0000927,BR013,CHECKING,2006-06-09,,OPEN,0.0001
LCB00000300,C0000789,BR038,SAVINGS,2023-02-12,,OPEN,0.0043
LCB00000301,C0001192,BR026,SAVINGS,2026-06-07,,OPEN,0.0050
LCB00000302,C0001368,BR012,CHECKING,2025-10-09,,OPEN,0.0007
LCB00000303,C0000807,BR016,CHECKING,2017-09-23,,OPEN,0.0001
LCB00000304,C0001416,BR006,CHECKING,2004-11-15,,OPEN,0.0000
LCB00000305,C0001082,BR020,MONEY_MARKET,2022-03-07,,OPEN,0.0343
LCB00000306,C0001181,BR027,MONEY_MARKET,2020-02-22,,OPEN,0.0211
LCB00000307,C0000656,BR012,CD,2024-12-12,,OPEN,0.0389
LCB00000308,C0000009,BR013,CHECKING,2020-07-10,,OPEN,0.0004
LCB00000309,C0000846,BR013,SAVINGS,2020-10-19,,OPEN,0.0058
LCB00000310,C0001437,BR005,CHECKING,2019-05-17,,OPEN,0.0002
LCB00000311,C0001228,BR035,MONEY_MARKET,2022-05-15,,OPEN,0.0237
LCB00000312,C0000346,BR042,CHECKING,2023-03-20,,OPEN,0.0009
LCB00000313,C0000620,BR026,SAVINGS,2013-04-20,,OPEN,0.0115
LCB00000314,C0000180,BR025,CD,2025-04-01,,OPEN,0.0435
LCB00000315,C0000853,BR037,CHECKING,2012-08-31,,OPEN,0.0005
LCB00000316,C0000844,BR003,MONEY_MARKET,2015-05-18,,OPEN,0.0340
LCB00000317,C0001008,BR038,CHECKING,2025-05-31,,OPEN,0.0006
LCB00000318,C0001388,BR017,SAVINGS,2010-12-08,,OPEN,0.0047
LCB00000319,C0001387,BR002,CHECKING,2026-09-08,,OPEN,0.0003
LCB00000320,C0000459,BR002,CHECKING,2017-02-14,,OPEN,0.0008
LCB00000321,C0000220,BR012,SAVINGS,2018-03-28,,OPEN,0.0088
LCB00000322,C0000589,BR012,SAVINGS,2025-06-28,,OPEN,0.0060
LCB00000323,C0000776,BR028,CHECKING,2023-04-30,,OPEN,0.0001
LCB00000324,C0000060,BR029,SAVINGS,2022-01-24,,OPEN,0.0056
LCB00000325,C0000844,BR003,CHECKING,2019-06-03,,OPEN,0.0009
LCB00000326,C0000262,BR021,SAVINGS,2024-05-06,,OPEN,0.0060
LCB00000327,C0000297,BR041,CHECKING,2026-07-25,,OPEN,0.0004
LCB00000328,C0001221,BR027,CHECKING,2026-05-29,,OPEN,0.0003
LCB00000329,C0001354,BR002,SAVINGS,2006-09-29,,OPEN,0.0056
LCB00000330,C0000620,BR026,CHECKING,2021-12-07,,OPEN,0.0003
LCB00000331,C0000765,BR027,SAVINGS,2023-05-27,,OPEN,0.0100
LCB00000332,C0000912,BR027,CHECKING,2020-07-05,,OPEN,0.0006
LCB00000333,C0000897,BR037,SAVINGS,2024-09-20,,OPEN,0.0122
LCB00000334,C0000658,BR008,CHECKING,2025-05-15,,OPEN,0.0004
LCB00000335,C0000241,BR011,CHECKING,2025-08-18,,OPEN,0.0002
LCB00000336,C0001231,BR036,CD,2026-03-23,,OPEN,0.0377
LCB00000337,C0000888,BR016,CHECKING,2005-08-22,,OPEN,0.0007
LCB00000338,C0000123,BR016,SAVINGS,2019-11-16,,OPEN,0.0044
LCB00000339,C0000699,BR023,CD,2023-06-01,,OPEN,0.0370
LCB00000340,C0000782,BR037,CHECKING,2023-01-17,,OPEN,0.0007
LCB00000341,C0000348,BR023,SAVINGS,2026-06-17,,OPEN,0.0110
LCB00000342,C0000526,BR027,MONEY_MARKET,2018-05-01,,OPEN,0.0271
LCB00000343,C0000450,BR002,SAVINGS,2025-05-16,,OPEN,0.0057
LCB00000344,C0001261,BR003,CHECKING,2013-12-28,,OPEN,0.0006
LCB00000345,C0001218,BR038,CHECKING,2022-11-18,,OPEN,0.0009
LCB00000346,C0000538,BR018,CHECKING,2021-08-24,,OPEN,0.0001
LCB00000347,C0000599,BR003,SAVINGS,2025-05-27,,OPEN,0.0118
LCB00000348,C0000356,BR025,CHECKING,2016-10-20,,OPEN,0.0001
LCB00000349,C0000528,BR039,CHECKING,2022-01-26,,OPEN,0.0005
LCB00000350,C0000885,BR042,SAVINGS,2025-08-03,,OPEN,0.0059
LCB00000351,C0000843,BR005,CHECKING,2025-10-08,,OPEN,0.0006
LCB00000352,C0001320,BR099,SAVINGS,2017-11-28,,OPEN,0.0118
LCB00000353,C0000755,BR014,SAVINGS,2025-12-04,,OPEN,0.0111
LCB00000354,C0000397,BR011,CD,2024-11-17,,OPEN,0.0451
LCB00000355,C0000014,BR014,CHECKING,2025-06-13,,OPEN,0.0008
LCB00000356,C0000135,BR027,CD,2026-08-12,,OPEN,0.0386
LCB00000357,C0000336,BR034,CD,2026-04-21,,OPEN,0.0452
LCB00000358,C0001356,BR034,CHECKING,2024-03-28,,OPEN,0.0005
LCB00000359,C0001113,BR007,SAVINGS,2020-12-28,,OPEN,0.0107
LCB00000360,C0000812,BR023,SAVINGS,2007-03-09,,OPEN,0.0066
LCB00000361,C0000211,BR018,SAVINGS,2021-12-05,,OPEN,0.0042
LCB00000362,C0001237,BR011,SAVINGS,2020-08-03,,OPEN,0.0095
LCB00000363,C0000790,BR026,SAVINGS,2014-01-22,,OPEN,0.0088
LCB00000364,C0000501,BR010,CHECKING,2026-04-23,,OPEN,0.0009
LCB00000365,C0001276,BR042,SAVINGS,2025-10-18,,OPEN,0.0053
LCB00000366,C0000820,BR008,SAVINGS,2021-11-03,,OPEN,0.0091
LCB00000367,C0001403,BR010,SAVINGS,2019-08-17,,OPEN,0.0054
LCB00000368,C0000873,BR008,SAVINGS,2024-03-14,,OPEN,0.0119
LCB00000369,C0000261,BR030,CHECKING,1999-07-13,,OPEN,0.0001
LCB00000370,C0000070,BR019,CHECKING,2025-01-12,,OPEN,0.0006
LCB00000371,C0000391,BR008,MONEY_MARKET,2026-07-02,,OPEN,0.0253
LCB00000372,C0000683,BR017,SAVINGS,2009-04-21,,OPEN,0.0068
LCB00000373,C0000403,BR009,SAVINGS,2016-03-24,,OPEN,0.0112
LCB00000374,C0000305,BR008,CHECKING,2007-04-26,,OPEN,0.0006
LCB00000375,C0000243,BR012,CD,2025-05-27,,OPEN,0.0474
LCB00000376,C0000597,BR005,CHECKING,2022-11-14,,OPEN,0.0001
LCB00000377,C0000001,BR022,CHECKING,2026-02-24,,OPEN,0.0008
LCB00000378,C0000652,BR038,CHECKING,2018-12-05,,OPEN,0.0006
LCB00000379,C0001346,BR010,CHECKING,2020-08-07,,OPEN,0.0001
LCB00000380,C0001197,BR036,CHECKING,2026-03-10,,OPEN,0.0000
LCB00000381,C0000218,BR025,SAVINGS,2015-08-17,,OPEN,0.0088
LCB00000382,C0000046,BR012,SAVINGS,2025-07-03,,OPEN,0.0075
LCB00000383,C0000825,BR041,SAVINGS,2022-12-02,,OPEN,0.0059
LCB00000384,C0000774,BR029,CHECKING,2014-12-11,,OPEN,0.0008
LCB00000385,C0000258,BR018,CHECKING,2019-07-30,,OPEN,0.0009
LCB00000386,C0000892,BR023,CD,2024-08-12,,OPEN,0.0411
LCB00000387,C0000361,BR042,MONEY_MARKET,2016-09-07,,OPEN,0.0336
LCB00000388,C0000633,BR017,CD,2021-10-14,,OPEN,0.0423
LCB00000389,C0000983,BR008,CHECKING,2013-08-04,,OPEN,0.0008
LCB00000390,C0001076,BR008,CD,2020-03-24,,OPEN,0.0468
LCB00000391,C0000799,BR007,SAVINGS,2016-10-06,,OPEN,0.0115
LCB00000392,C0000418,BR012,CD,2022-05-27,,OPEN,0.0350
LCB00000393,C0000147,BR010,CD,2024-09-14,,OPEN,0.0353
LCB00000394,C0001241,BR025,CHECKING,2025-05-03,,OPEN,0.0008
LCB00000395,C0000466,BR027,CHECKING,2023-04-17,,OPEN,0.0005
LCB00000396,C0001050,BR021,CHECKING,2023-02-24,,OPEN,0.0003
LCB00000397,C0001402,BR035,CD,2021-07-05,,OPEN,0.0403
LCB00000398,C0001068,BR032,CHECKING,2018-03-02,,OPEN,0.0007
LCB00000399,C0000692,BR022,CHECKING,2015-02-19,,OPEN,0.0003
LCB00000400,C0000701,BR002,SAVINGS,2015-02-20,,OPEN,0.0088
LCB00000401,C0001357,BR015,SAVINGS,2017-02-20,,OPEN,0.0053
LCB00000402,C0001281,BR020,CHECKING,2024-06-25,,OPEN,0.0006
LCB00000403,C0000740,BR026,SAVINGS,2017-12-08,,OPEN,0.0082
LCB00000404,C0000884,BR032,MONEY_MARKET,2017-08-01,,OPEN,0.0333
LCB00000405,C0000732,BR019,SAVINGS,2006-10-21,,OPEN,0.0110
LCB00000406,C0001065,BR013,SAVINGS,2004-01-22,,OPEN,0.0094
LCB00000407,C0000754,BR030,CHECKING,2024-02-09,,OPEN,0.0001
LCB00000408,C0001353,BR021,SAVINGS,2025-04-19,,OPEN,0.0113
LCB00000409,C0001291,BR042,CD,2024-01-02,,OPEN,0.0467
LCB00000410,C0000942,BR036,CHECKING,2025-03-03,,OPEN,0.0009
LCB00000411,C0000832,BR020,CHECKING,2023-12-24,2026-07-17,CLOSED,0.0006
LCB00000412,C0000482,BR014,SAVINGS,2026-09-10,,OPEN,0.0050
LCB00000413,C0000811,BR001,CHECKING,2025-05-27,,OPEN,0.0002
LCB00000414,C0001002,BR019,SAVINGS,2020-07-29,2026-07-24,CLOSED,0.0070
LCB00000415,C0000298,BR008,SAVINGS,2025-07-26,,OPEN,0.0075
LCB00000416,C0000572,BR004,CHECKING,2026-05-09,,OPEN,0.0003
LCB00000417,C0000727,BR009,SAVINGS,2018-05-09,,OPEN,0.0043
LCB00000418,C0000975,BR003,CHECKING,2010-05-07,,OPEN,0.0001
LCB00000419,C0000125,BR006,CHECKING,2019-11-10,,OPEN,0.0009
LCB00000420,C0000219,BR040,SAVINGS,2025-09-10,,OPEN,0.0070
LCB00000421,C0000617,BR027,CHECKING,2025-12-06,,OPEN,0.0001
LCB00000422,C0001038,BR017,MONEY_MARKET,2024-01-23,,OPEN,0.0366
LCB00000423,C0001376,BR005,CHECKING,2021-03-23,,OPEN,0.0004
LCB00000424,C0001197,BR036,CHECKING,2026-04-28,,OPEN,0.0009
LCB00000425,C0000417,BR034,MONEY_MARKET,2018-03-03,,OPEN,0.0257
LCB00000426,C0001032,BR001,CD,2015-08-20,,OPEN,0.0358
LCB00000427,C0000929,BR021,CHECKING,2025-03-27,2026-08-26,CLOSED,0.0005
LCB00000428,C0001258,BR006,CHECKING,2024-06-27,,OPEN,0.0003
LCB00000429,C0001124,BR006,CD,2005-05-29,,OPEN,0.0375
LCB00000430,C0000552,BR002,SAVINGS,1998-11-10,,OPEN,0.0068
LCB00000431,C0000479,BR011,CHECKING,2020-10-09,,OPEN,0.0006
LCB00000432,C0000479,BR019,MONEY_MARKET,2026-08-30,,OPEN,0.0221
LCB00000433,C0001078,BR004,MONEY_MARKET,2025-11-29,,OPEN,0.0218
LCB00000434,C0000615,BR009,SAVINGS,2026-01-16,,OPEN,0.0112
LCB00000435,C0000857,BR016,CHECKING,2024-04-28,,OPEN,0.0003
LCB00000436,C0000436,BR012,CD,2025-02-28,,OPEN,0.0383
LCB00000437,C0001333,BR017,CHECKING,2026-06-02,,OPEN,0.0004
LCB00000438,C0001073,BR008,CHECKING,2025-08-17,,OPEN,0.0007
LCB00000439,C0000982,BR012,CHECKING,2025-07-26,,OPEN,0.0006
LCB00000440,C0001410,BR028,CHECKING,2026-06-24,,OPEN,0.0004
LCB00000441,C0000653,BR034,CHECKING,2011-06-15,2026-09-01,CLOSED,0.0004
LCB00000442,C0000304,BR018,MONEY_MARKET,2025-09-23,,OPEN,0.0260
LCB00000443,C0001386,BR003,MONEY_MARKET,2019-04-07,,OPEN,0.0359
LCB00000444,C0000411,BR029,CHECKING,2020-04-19,,OPEN,0.0010
LCB00000445,C0000281,BR029,CHECKING,2000-05-21,,OPEN,0.0007
LCB00000446,C0000056,BR039,CHECKING,2025-12-29,,OPEN,0.0008
LCB00000447,C0001005,BR034,CHECKING,2003-07-22,,OPEN,0.0010
LCB00000448,C0001411,BR036,SAVINGS,2019-03-05,,OPEN,0.0097
LCB00000449,C0001369,BR037,MONEY_MARKET,2022-09-07,,OPEN,0.0221
LCB00000450,C0001158,BR006,CHECKING,2021-04-03,,OPEN,0.0005
LCB00000451,C0000716,BR042,CHECKING,2016-01-28,,OPEN,0.0009
LCB00000452,C0000521,BR037,SAVINGS,2024-07-23,,OPEN,0.0117
LCB00000453,C0000578,BR003,CHECKING,2026-05-16,,OPEN,0.0002
LCB00000454,C0000423,BR015,CHECKING,2023-07-12,,OPEN,0.0009
LCB00000455,C0001186,BR012,CHECKING,2026-05-12,,OPEN,0.0003
LCB00000456,C0001423,BR017,SAVINGS,2023-07-06,,OPEN,0.0110
LCB00000457,C0001249,BR007,CHECKING,2020-11-15,,OPEN,0.0001
LCB00000458,C0000496,BR040,SAVINGS,2026-07-28,,OPEN,0.0107
LCB00000459,C0001430,BR001,MONEY_MARKET,2025-10-21,,OPEN,0.0322
LCB00000460,C0000400,BR030,CHECKING,2026-04-14,,OPEN,0.0007
LCB00000461,C0000051,BR008,CHECKING,2020-08-14,,OPEN,0.0007
LCB00000462,C0000162,BR029,SAVINGS,2019-01-11,,OPEN,0.0114
LCB00000463,C0001042,BR007,SAVINGS,2020-09-12,,OPEN,0.0106
LCB00000464,C0000134,BR035,CHECKING,2004-02-08,,OPEN,0.0008
LCB00000465,C0000497,BR032,MONEY_MARKET,2025-06-06,,OPEN,0.0211
LCB00000466,C0000230,BR034,SAVINGS,2013-08-27,,OPEN,0.0054
LCB00000467,C0001205,BR005,CHECKING,2004-11-05,,OPEN,0.0001
LCB00000468,C0001382,BR005,MONEY_MARKET,2024-06-27,,OPEN,0.0221
LCB00000469,C0000821,BR029,CD,2022-10-11,,OPEN,0.0444
LCB00000470,C0001450,BR018,CHECKING,2025-05-22,,OPEN,0.0010
LCB00000471,C0001175,BR036,CHECKING,2024-05-25,,OPEN,0.0008
LCB00000472,C0000652,BR038,MONEY_MARKET,2010-06-09,,OPEN,0.0226
LCB00000473,C0001031,BR034,CHECKING,2022-02-23,,OPEN,0.0005
LCB00000474,C0000149,BR024,SAVINGS,2025-08-19,,OPEN,0.0089
LCB00000475,C0000853,BR011,CHECKING,2015-09-23,,OPEN,0.0005
LCB00000476,C0000248,BR018,SAVINGS,2014-06-05,,OPEN,0.0070
LCB00000477,C0000458,BR042,CHECKING,2026-02-02,,OPEN,0.0008
LCB00000478,C0001433,BR036,CHECKING,2017-11-07,,OPEN,0.0007
LCB00000479,C0000482,BR031,CD,2010-11-27,,OPEN,0.0458
LCB00000480,C0000850,BR032,SAVINGS,2009-03-24,,OPEN,0.0076
LCB00000481,C0001156,BR002,SAVINGS,2021-11-29,,OPEN,0.0042
LCB00000482,C0000314,BR023,CHECKING,2025-10-29,,OPEN,0.0000
LCB00000483,C0001086,BR020,SAVINGS,2017-04-13,,OPEN,0.0058
LCB00000484,C0000644,BR039,CHECKING,2025-11-13,,OPEN,0.0001
LCB00000485,C0000397,BR019,CHECKING,2021-05-02,,OPEN,0.0007
LCB00000486,C0001089,BR009,CHECKING,2022-10-08,,OPEN,0.0001
LCB00000487,C0000454,BR020,CHECKING,2024-04-10,2026-07-14,CLOSED,0.0009
LCB00000488,C0000044,BR038,CHECKING,2011-12-13,,OPEN,0.0002
LCB00000489,C0000883,BR029,MONEY_MARKET,2024-04-24,,OPEN,0.0262
LCB00000490,C0001144,BR017,CHECKING,2024-05-11,,OPEN,0.0005
LCB00000491,C0001400,BR012,CHECKING,2025-12-19,2026-08-24,CLOSED,0.0009
LCB00000492,C0000338,BR027,CHECKING,2019-10-03,,OPEN,0.0002
LCB00000493,C0001311,BR040,CHECKING,2026-06-16,,OPEN,0.0008
LCB00000494,C0001081,BR016,CHECKING,2023-12-01,,OPEN,0.0006
LCB00000495,C0000784,BR041,CHECKING,2023-05-08,,OPEN,0.0010
LCB00000496,C0001380,BR025,CHECKING,2024-03-04,,OPEN,0.0003
LCB00000497,C0000032,BR009,CHECKING,2026-03-21,,OPEN,0.0000
LCB00000498,C0000905,BR021,SAVINGS,2006-08-13,,OPEN,0.0076
LCB00000499,C0001145,BR030,CHECKING,2010-12-12,,OPEN,0.0004
LCB00000500,C0000533,BR014,CHECKING,2003-04-23,,OPEN,0.0003
LCB00000501,C0001379,BR015,MONEY_MARKET,2025-02-23,,OPEN,0.0229
LCB00000502,C0000367,BR025,SAVINGS,2022-11-02,,OPEN,0.0049
LCB00000503,C0000988,BR035,MONEY_MARKET,2026-05-01,,OPEN,0.0339
LCB00000504,C0000402,BR009,CHECKING,2003-01-21,,OPEN,0.0003
LCB00000505,,BR029,CHECKING,2018-03-28,,OPEN,0.0000
LCB00000506,C0000546,BR007,CHECKING,2023-09-03,,OPEN,0.0000
LCB00000507,C0000967,BR023,CHECKING,2020-09-10,,OPEN,0.0006
LCB00000508,C0001150,BR011,MONEY_MARKET,2021-10-04,,OPEN,0.0221
LCB00000509,C0000395,BR023,SAVINGS,2015-07-20,,OPEN,0.0063
LCB00000510,C0000078,BR038,CHECKING,2023-11-18,,OPEN,0.0002
LCB00000511,C0001090,BR037,CHECKING,2021-06-24,,OPEN,0.0008
LCB00000512,C0000416,BR031,CD,2025-11-04,,OPEN,0.0461
LCB00000513,C0000607,BR024,MONEY_MARKET,2014-10-09,,OPEN,0.0210
LCB00000514,C0001166,BR012,CHECKING,2026-04-05,,OPEN,0.0005
LCB00000515,C0000271,BR001,CHECKING,2022-12-10,,OPEN,0.0007
LCB00000516,C0000448,BR023,CHECKING,2022-07-19,,OPEN,0.0005
LCB00000517,C0000422,BR030,CHECKING,2017-02-19,,OPEN,0.0003
LCB00000518,C0001326,BR001,CHECKING,2017-07-08,,OPEN,0.0003
LCB00000519,C0000771,BR042,MONEY_MARKET,2026-03-10,,OPEN,0.0309
LCB00000520,C0001378,BR036,SAVINGS,2026-05-28,,OPEN,0.0110
LCB00000521,C0001401,BR026,CHECKING,2020-12-14,,OPEN,0.0008
LCB00000522,C0000451,BR017,CHECKING,2026-07-02,,OPEN,0.0009
LCB00000523,C0000679,BR028,SAVINGS,2024-08-28,,OPEN,0.0119
LCB00000524,C0000993,BR026,CHECKING,2009-08-20,,OPEN,0.0007
LCB00000525,C0000013,BR026,CHECKING,2023-12-17,,OPEN,0.0005
LCB00000526,C0001393,BR014,MONEY_MARKET,2025-12-06,,OPEN,0.0358
LCB00000527,C0000726,BR014,CHECKING,2025-07-19,,OPEN,0.0009
LCB00000528,C0000994,BR020,SAVINGS,2025-02-26,,OPEN,0.0073
LCB00000529,C0000287,BR035,CHECKING,2024-06-26,,OPEN,0.0001
LCB00000530,C0001428,BR003,SAVINGS,2026-02-14,,OPEN,0.0079
LCB00000531,C0001210,BR042,SAVINGS,2023-09-15,,OPEN,0.0089
LCB00000532,C0000197,BR025,SAVINGS,2025-09-30,,OPEN,0.0040
LCB00000533,C0000391,BR008,CHECKING,2024-12-09,,OPEN,0.0007
LCB00000534,C0001093,BR033,CHECKING,2019-10-11,,OPEN,0.0009
LCB00000535,C0001316,BR031,CHECKING,2020-04-22,,OPEN,0.0006
LCB00000536,C0000655,BR024,CHECKING,2013-09-05,,OPEN,0.0003
LCB00000537,C0000130,BR022,SAVINGS,2026-02-07,,OPEN,0.0047
LCB00000538,C0000160,BR026,CHECKING,2025-03-28,,OPEN,0.0001
LCB00000539,C0000981,BR023,CHECKING,2026-09-23,,OPEN,0.0003
LCB00000540,C0000048,BR002,SAVINGS,2020-09-14,,OPEN,0.0060
LCB00000541,C0000951,BR024,CHECKING,2026-07-14,,OPEN,0.0010
LCB00000542,C0001315,BR008,SAVINGS,2014-10-03,,OPEN,0.0105
LCB00000543,C0000815,BR005,CHECKING,2024-09-14,,OPEN,0.0004
LCB00000544,C0000201,BR014,SAVINGS,2026-04-13,,OPEN,0.0094
LCB00000545,C0000038,BR039,CHECKING,2025-02-14,,OPEN,0.0001
LCB00000546,C0001381,BR010,SAVINGS,2025-05-21,,OPEN,0.0092
LCB00000547,C0000908,BR001,MONEY_MARKET,2021-09-29,,OPEN,0.0216
LCB00000548,C0000735,BR013,CHECKING,2016-06-04,,OPEN,0.0006
LCB00000549,C0000730,BR020,CHECKING,2015-08-03,,OPEN,0.0002
LCB00000550,C0001151,BR031,SAVINGS,2020-08-26,,OPEN,0.0047
LCB00000551,C0001154,BR019,CHECKING,2026-08-23,,OPEN,0.0007
LCB00000552,C0000077,BR032,CHECKING,2009-12-29,,OPEN,0.0002
LCB00000553,C0000703,BR040,CD,2016-12-10,,OPEN,0.0425
LCB00000554,C0000362,BR015,CD,2019-02-16,,OPEN,0.0358
LCB00000555,C0000043,BR006,MONEY_MARKET,2025-11-11,,OPEN,0.0235
LCB00000556,C0001430,BR001,MONEY_MARKET,2024-05-22,,OPEN,0.0213
LCB00000557,C0000958,BR042,MONEY_MARKET,2006-10-22,,OPEN,0.0286
LCB00000558,C0000839,BR017,SAVINGS,2017-08-16,,OPEN,0.0058
LCB00000559,C0000504,BR038,CD,2023-09-03,,OPEN,0.0461
LCB00000560,C0000574,BR020,SAVINGS,2017-04-04,,OPEN,0.0113
LCB00000561,C0000680,BR007,CHECKING,2026-06-16,,OPEN,0.0008
LCB00000562,C0000295,BR033,CD,2025-03-08,,OPEN,0.0471
LCB00000563,C0001135,BR042,CHECKING,2022-03-17,,OPEN,0.0009
LCB00000564,C0001171,BR034,SAVINGS,2021-12-18,,OPEN,0.0053
LCB00000565,C0001075,BR001,CHECKING,2025-06-05,,OPEN,0.0003
LCB00000566,C0000360,BR025,SAVINGS,2022-09-25,,OPEN,0.0051
LCB00000567,C0000339,BR011,CHECKING,2026-08-29,,OPEN,0.0001
LCB00000568,C0001052,BR024,CHECKING,2014-11-11,,OPEN,0.0002
LCB00000569,C0001095,BR036,CHECKING,2024-06-20,,OPEN,0.0002
LCB00000570,C0001062,BR012,SAVINGS,2025-01-02,,OPEN,0.0047
LCB00000571,C0000250,BR019,SAVINGS,2023-10-28,,OPEN,0.0119
LCB00000572,C0000592,BR010,CHECKING,2016-01-24,,OPEN,0.0002
LCB00000573,C0000487,BR013,CHECKING,2024-10-07,,OPEN,0.0001
LCB00000574,C0000585,BR034,SAVINGS,2024-01-05,,OPEN,0.0051
LCB00000575,C0001135,BR001,CHECKING,2022-12-14,,OPEN,0.0004
LCB00000576,C0000368,BR022,SAVINGS,2023-12-05,,OPEN,0.0087
LCB00000577,C0000392,BR039,SAVINGS,2025-08-22,,OPEN,0.0053
LCB00000578,C0000094,BR023,CHECKING,2024-09-30,,OPEN,0.0003
LCB00000579,C0001270,BR005,CHECKING,2025-04-24,,OPEN,0.0006
LCB00000580,C0000613,BR032,CHECKING,2023-10-20,,OPEN,0.0008
LCB00000581,C0000578,BR003,CHECKING,2026-06-14,,OPEN,0.0007
LCB00000582,C0000476,BR013,MONEY_MARKET,2023-12-05,,OPEN,0.0206
LCB00000583,C0000413,BR026,CHECKING,2025-05-13,,OPEN,0.0008
LCB00000584,C0001236,BR023,SAVINGS,2013-01-17,,OPEN,0.0113
LCB00000585,C0001245,BR023,CHECKING,2023-08-12,,OPEN,0.0004
LCB00000586,C0000005,BR013,CD,2018-11-16,,OPEN,0.0457
LCB00000587,C0000547,BR033,SAVINGS,2002-07-01,,OPEN,0.0073
LCB00000588,C0000707,BR008,SAVINGS,2003-10-06,,OPEN,0.0093
LCB00000589,C0001278,BR019,MONEY_MARKET,2019-11-20,,OPEN,0.0336
LCB00000590,C0000974,BR015,SAVINGS,2025-10-20,,OPEN,0.0091
LCB00000591,C0000675,BR040,SAVINGS,2017-12-26,,OPEN,0.0062
LCB00000592,C0000948,BR009,CHECKING,2025-09-27,,OPEN,0.0010
LCB00000593,C0000006,BR002,CHECKING,2021-08-05,,OPEN,0.0001
LCB00000594,C0000847,BR022,SAVINGS,2025-04-08,,OPEN,0.0091
LCB00000595,C0001311,BR040,MONEY_MARKET,2026-09-18,,OPEN,0.0328
LCB00000596,C0001262,BR038,CHECKING,2026-03-14,,OPEN,0.0010
LCB00000597,C0001414,BR026,SAVINGS,2022-03-26,,OPEN,0.0088
LCB00000598,C0001103,BR038,SAVINGS,2017-03-01,,OPEN,0.0042
LCB00000599,C0000860,BR042,CHECKING,2019-05-03,,OPEN,0.0003
LCB00000600,C0001287,BR020,CHECKING,2017-03-02,,OPEN,0.0001
LCB00000601,C0000973,BR020,SAVINGS,2026-03-28,,OPEN,0.0086
LCB00000602,C0000669,BR019,SAVINGS,2009-01-20,,OPEN,0.0045
LCB00000603,C0001091,BR036,CHECKING,2018-04-28,,OPEN,0.0009
LCB00000604,C0000690,BR020,CHECKING,2015-09-02,,OPEN,0.0007
LCB00000605,C0000840,BR021,SAVINGS,2022-05-14,,OPEN,0.0111
LCB00000606,C0000203,BR014,SAVINGS,2018-12-19,,OPEN,0.0067
LCB00000607,C0001329,BR014,MONEY_MARKET,2026-01-03,,OPEN,0.0203
LCB00000608,C0000435,BR002,CD,2026-04-20,,OPEN,0.0390
LCB00000609,C0000195,BR040,CHECKING,1999-02-08,,OPEN,0.0003
LCB00000610,C0000012,BR016,CHECKING,2019-05-06,,OPEN,0.0006
LCB00000611,C0000817,BR037,CHECKING,2009-02-12,,OPEN,0.0002
LCB00000612,C0000282,BR005,MONEY_MARKET,2026-04-01,,OPEN,0.0364
LCB00000613,C0000037,BR039,SAVINGS,2011-01-13,,OPEN,0.0073
LCB00000614,C0000399,BR029,SAVINGS,2026-06-24,,OPEN,0.0069
LCB00000615,C0001013,BR019,CHECKING,2023-07-03,,OPEN,0.0007
LCB00000616,C0000945,BR019,SAVINGS,2016-11-07,,OPEN,0.0062
LCB00000617,C0000258,BR011,SAVINGS,2018-02-12,,OPEN,0.0114
LCB00000618,C0000066,BR023,SAVINGS,2018-10-11,,OPEN,0.0046
LCB00000619,C0000420,BR016,SAVINGS,2009-07-20,,OPEN,0.0089
LCB00000620,C0001434,BR041,CHECKING,2025-10-22,,OPEN,0.0009
LCB00000621,C0001289,BR025,CHECKING,2025-07-04,,OPEN,0.0001
LCB00000622,C0000296,BR032,CHECKING,2024-09-09,,OPEN,0.0006
LCB00000623,C0001308,BR010,CHECKING,2023-06-29,,OPEN,0.0005
LCB00000624,C0000123,BR016,CHECKING,2012-09-17,,OPEN,0.0009
LCB00000625,C0001045,BR027,SAVINGS,2024-04-07,,OPEN,0.0120
LCB00000626,C0000959,BR017,CHECKING,2025-05-07,,OPEN,0.0008
LCB00000627,C0001103,BR014,CHECKING,2021-02-23,,OPEN,0.0009
LCB00000628,C0000058,BR040,CHECKING,2026-09-18,,OPEN,0.0007
LCB00000629,C0000547,BR033,SAVINGS,2005-02-08,,OPEN,0.0058
LCB00000630,C0000331,BR042,CHECKING,2012-09-20,,OPEN,0.0000
LCB00000631,C0000738,BR024,CHECKING,2024-05-01,,OPEN,0.0001
LCB00000632,C0001254,BR015,MONEY_MARKET,2025-10-14,,OPEN,0.0201
LCB00000633,C0001440,BR031,CHECKING,2019-07-18,,OPEN,0.0005
LCB00000634,C0000048,BR002,MONEY_MARKET,2012-04-25,,OPEN,0.0215
LCB00000635,C0000639,BR001,CD,2020-12-31,,OPEN,0.0363
LCB00000636,C0000933,BR026,CHECKING,2010-06-16,,OPEN,0.0001
LCB00000637,C0000339,BR011,SAVINGS,2026-06-28,,OPEN,0.0106
LCB00000638,C0000130,BR022,SAVINGS,2022-11-19,,OPEN,0.0059
LCB00000639,C0001365,BR032,CHECKING,2022-05-02,,OPEN,0.0003
LCB00000640,C0000152,BR027,CHECKING,2022-05-01,,OPEN,0.0001
LCB00000641,C0000672,BR003,SAVINGS,2016-08-30,,OPEN,0.0087
LCB00000642,C0001143,BR024,CHECKING,2024-05-31,,OPEN,0.0006
LCB00000643,C0000283,BR025,CHECKING,2026-03-19,,OPEN,0.0005
LCB00000644,C0000305,BR008,CD,2020-05-08,,OPEN,0.0453
LCB00000645,C0001079,BR020,CHECKING,2017-02-25,,OPEN,0.0004
LCB00000646,C0000881,BR004,CHECKING,2026-04-18,,OPEN,0.0009
LCB00000647,C0001296,BR006,CHECKING,2022-03-26,,OPEN,0.0010
LCB00000648,C0001243,BR029,CHECKING,2006-03-21,,OPEN,0.0008
LCB00000649,C0000682,BR002,CHECKING,2019-12-26,,OPEN,0.0007
LCB00000650,C0000286,BR006,SAVINGS,2008-05-19,,OPEN,0.0110
LCB00000651,C0001128,BR009,CHECKING,2012-07-12,,OPEN,0.0002
LCB00000652,C0001443,BR030,SAVINGS,2022-05-02,,OPEN,0.0044
LCB00000653,C0000400,BR030,MONEY_MARKET,2025-11-11,,OPEN,0.0209
LCB00000654,C0000743,BR025,CHECKING,2023-03-05,2026-08-27,CLOSED,0.0005
LCB00000655,C0000684,BR035,MONEY_MARKET,2025-12-10,,OPEN,0.0251
LCB00000656,C0001400,BR013,MONEY_MARKET,2024-04-07,,OPEN,0.0344
LCB00000657,C0000278,BR007,CD,2023-07-14,,OPEN,0.0443
LCB00000658,C0000503,BR026,CHECKING,2021-06-25,,OPEN,0.0004
LCB00000659,C0001318,BR005,SAVINGS,2021-08-09,,OPEN,0.0042
LCB00000660,C0000146,BR026,MONEY_MARKET,2025-05-14,,OPEN,0.0229
LCB00000661,C0001259,BR031,CHECKING,2024-09-14,,OPEN,0.0005
LCB00000662,C0001406,BR025,SAVINGS,2026-05-03,,OPEN,0.0073
LCB00000663,C0000588,BR027,SAVINGS,2025-06-19,,OPEN,0.0063
LCB00000664,C0000038,BR032,CHECKING,2025-10-15,,OPEN,0.0002
LCB00000665,C0001111,BR031,CHECKING,2026-06-29,,OPEN,0.0002
LCB00000666,C0000508,BR039,CHECKING,2018-08-25,,OPEN,0.0001
LCB00000667,C0000801,BR011,SAVINGS,2015-08-03,,OPEN,0.0072
LCB00000668,C0001097,BR015,SAVINGS,2023-02-12,,OPEN,0.0120
LCB00000669,C0000440,BR006,CHECKING,2023-08-31,,OPEN,0.0006
LCB00000670,C0001278,BR019,CD,2022-09-22,,OPEN,0.0371
LCB00000671,C0001418,BR018,CHECKING,2012-07-06,,OPEN,0.0005
LCB00000672,C0000657,BR014,CD,2022-07-25,,OPEN,0.0469
LCB00000673,C0001419,BR036,CHECKING,2024-06-25,,OPEN,0.0005
LCB00000674,C0000860,BR042,SAVINGS,2015-08-25,,OPEN,0.0075
LCB00000675,C0000490,BR013,SAVINGS,2019-08-11,,OPEN,0.0114
LCB00000676,C0000244,BR023,SAVINGS,2002-07-05,,OPEN,0.0044
LCB00000677,C0000917,BR032,MONEY_MARKET,2022-02-26,,OPEN,0.0231
LCB00000678,C0000269,BR026,CHECKING,2023-05-08,,OPEN,0.0001
LCB00000679,C0001203,BR026,SAVINGS,2026-07-17,,OPEN,0.0058
LCB00000680,C0001417,BR039,MONEY_MARKET,2015-02-17,,OPEN,0.0270
LCB00000681,C0000959,BR017,CHECKING,2026-05-05,,OPEN,0.0001
LCB00000682,C0000120,BR038,CHECKING,2022-06-10,,OPEN,0.0001
LCB00000683,C0001420,BR016,MONEY_MARKET,2019-10-24,,OPEN,0.0241
LCB00000684,C0000377,BR003,MONEY_MARKET,2025-12-30,,OPEN,0.0291
LCB00000685,C0001303,BR023,CD,2025-10-22,,OPEN,0.0372
LCB00000686,C0000375,BR022,CHECKING,2021-02-22,,OPEN,0.0008
LCB00000687,C0000355,BR018,MONEY_MARKET,2017-06-21,,OPEN,0.0258
LCB00000688,C0000800,BR001,CD,1997-05-14,,OPEN,0.0445
LCB00000689,C0001165,BR017,SAVINGS,2024-05-12,,OPEN,0.0087
LCB00000690,C0001407,BR024,SAVINGS,2018-05-09,,OPEN,0.0063
LCB00000691,C0001441,BR009,CHECKING,2004-08-27,,OPEN,0.0004
LCB00000692,C0001392,BR033,CHECKING,2020-04-12,,OPEN,0.0003
LCB00000693,C0001070,BR031,CD,2025-01-22,,OPEN,0.0414
LCB00000694,C0000372,BR012,MONEY_MARKET,2023-01-19,,OPEN,0.0244
LCB00000695,C0000516,BR033,SAVINGS,2017-12-06,,OPEN,0.0112
LCB00000696,C0000415,BR009,CHECKING,2022-01-03,,OPEN,0.0002
LCB00000697,C0001118,BR013,CHECKING,2020-05-17,,OPEN,0.0005
LCB00000698,C0000256,BR025,CD,2022-11-21,,OPEN,0.0429
LCB00000699,C0000569,BR014,SAVINGS,2026-06-17,2026-08-03,CLOSED,0.0046
LCB00000700,C0000393,BR031,SAVINGS,2019-01-16,,OPEN,0.0064
LCB00000701,C0000051,BR041,SAVINGS,2013-10-05,,OPEN,0.0056
LCB00000702,C0001088,BR012,CHECKING,2024-11-26,,OPEN,0.0010
LCB00000703,C0000583,BR023,SAVINGS,2023-06-16,,OPEN,0.0113
LCB00000704,C0001358,BR027,MONEY_MARKET,2024-11-29,,OPEN,0.0265
LCB00000705,C0001131,BR003,MONEY_MARKET,2026-04-28,,OPEN,0.0298
LCB00000706,C0000895,BR027,SAVINGS,2009-10-01,,OPEN,0.0066
LCB00000707,C0000462,BR020,CD,2020-05-08,,OPEN,0.0385
LCB00000708,C0000741,BR034,CHECKING,2017-02-07,,OPEN,0.0004
LCB00000709,C0000351,BR018,CHECKING,2010-12-16,,OPEN,0.0002
LCB00000710,C0000198,BR001,CD,2025-02-16,,OPEN,0.0402
LCB00000711,C0000262,BR021,SAVINGS,2022-05-22,,OPEN,0.0054
LCB00000712,C0000024,BR001,SAVINGS,2026-01-12,,OPEN,0.0075
LCB00000713,C0000702,BR018,SAVINGS,2023-11-01,,OPEN,0.0121
LCB00000714,C0001024,BR004,CD,2023-09-26,,OPEN,0.0366
LCB00000715,C0001413,BR034,MONEY_MARKET,2024-01-28,,OPEN,0.0330
LCB00000716,C0001188,BR027,CHECKING,2025-04-05,,OPEN,0.0010
LCB00000717,C0000351,BR018,CD,2026-08-05,,OPEN,0.0420
LCB00000718,C0000396,BR006,CHECKING,2022-02-05,,OPEN,0.0005
LCB00000719,C0000781,BR021,CHECKING,2020-04-14,,OPEN,0.0006
LCB00000720,C0001109,BR005,CHECKING,2022-08-25,,OPEN,0.0004
LCB00000721,C0000347,BR031,CHECKING,2025-11-06,,OPEN,0.0004
LCB00000721,C0000347,BR017,MONEY_MARKET,2025-11-06,,OPEN,0.0004
LCB00000722,C0001150,BR011,CD,2016-05-11,,OPEN,0.0415
LCB00000723,C0000389,BR010,CHECKING,2017-03-12,,OPEN,0.0006
LCB00000724,C0000972,BR001,CHECKING,2026-03-04,,OPEN,0.0006
LCB00000725,C0000889,BR013,CHECKING,2015-01-13,,OPEN,0.0010
LCB00000726,C0000151,BR010,SAVINGS,2022-02-11,,OPEN,0.0109
LCB00000727,C0000955,BR027,CHECKING,2026-03-28,,OPEN,0.0005
LCB00000728,C0000924,BR036,CHECKING,2021-03-31,,OPEN,0.0007
LCB00000729,C0000226,BR021,SAVINGS,2023-01-14,,OPEN,0.0058
LCB00000730,C0000937,BR041,CHECKING,2022-07-05,,OPEN,0.0007
LCB00000731,C0000457,BR002,CHECKING,2013-11-01,,OPEN,0.0007
LCB00000732,C0000930,BR004,CHECKING,2026-06-26,2026-08-09,CLOSED,0.0004
LCB00000733,C0000542,BR025,MONEY_MARKET,2024-09-17,,OPEN,0.0216
LCB00000734,C0000913,BR013,CD,2025-08-15,,OPEN,0.0433
LCB00000735,C0000619,BR017,MONEY_MARKET,2019-04-21,,OPEN,0.0223
LCB00000736,C0000128,BR021,CHECKING,2014-04-20,,OPEN,0.0009
LCB00000737,C0000143,BR040,SAVINGS,2019-02-05,,OPEN,0.0048
LCB00000738,C0000233,BR037,CHECKING,2011-11-16,,OPEN,0.0007
LCB00000739,C0000473,BR029,CHECKING,2021-05-05,,OPEN,0.0005
LCB00000740,C0001006,BR034,CHECKING,2009-08-12,,OPEN,0.0003
LCB00000741,C0001048,BR026,SAVINGS,2017-02-19,,OPEN,0.0104
LCB00000742,C0000903,BR005,CD,2021-03-13,,OPEN,0.0402
LCB00000743,C0000197,BR025,CHECKING,2026-06-16,,OPEN,0.0007
LCB00000744,C0000979,BR037,CHECKING,2021-09-29,,OPEN,0.0010
LCB00000745,C0000647,BR041,CHECKING,2019-11-21,2026-09-01,CLOSED,0.0006
LCB00000746,C0000838,BR012,CHECKING,2026-08-25,,OPEN,0.0003
LCB00000747,C0000492,BR036,SAVINGS,2025-06-18,,OPEN,0.0098
LCB00000748,C0000893,BR026,SAVINGS,2014-11-07,,OPEN,0.0060
LCB00000749,C0000744,BR015,MONEY_MARKET,2021-04-14,2026-08-30,CLOSED,0.0212
LCB00000750,C0000427,BR039,MONEY_MARKET,2026-07-04,2026-08-28,CLOSED,0.0230
LCB00000751,C0000054,BR036,CHECKING,2019-06-10,,OPEN,0.0003
LCB00000752,C0000744,BR011,CHECKING,2009-08-09,,OPEN,0.0001
LCB00000753,C0001178,BR035,MONEY_MARKET,2012-04-14,,OPEN,0.0205
LCB00000754,C0001446,BR017,MONEY_MARKET,2026-05-01,,OPEN,0.0341
LCB00000755,C0001395,BR018,CHECKING,2013-07-02,,OPEN,0.0004
LCB00000756,C0000441,BR026,CD,2019-06-06,,OPEN,0.0451
LCB00000757,C0000920,BR021,CD,2026-03-13,,OPEN,0.0428
LCB00000758,C0000209,BR004,SAVINGS,2026-01-04,,OPEN,0.0075
LCB00000759,C0001299,BR002,CHECKING,2026-05-02,,OPEN,0.0002
LCB00000760,C0000678,BR010,CHECKING,2025-07-04,,OPEN,0.0009
LCB00000761,C0000064,BR029,CHECKING,2019-11-02,,OPEN,0.0003
LCB00000762,C0000587,BR018,SAVINGS,2024-02-18,,OPEN,0.0123
LCB00000763,C0000802,BR040,SAVINGS,2025-12-14,,OPEN,0.0109
LCB00000764,C0000836,BR021,CHECKING,2024-06-19,,OPEN,0.0006
LCB00000765,C0000055,BR042,CD,2022-08-24,,OPEN,0.0362
LCB00000766,C0000756,BR007,CD,2024-02-22,,OPEN,0.0367
LCB00000767,C0000740,BR026,MONEY_MARKET,2022-09-25,,OPEN,0.0248
LCB00000768,C0000430,BR024,SAVINGS,2020-03-15,,OPEN,0.0096
LCB00000769,C0001181,BR027,CHECKING,2020-09-15,,OPEN,0.0006
LCB00000770,C0001128,BR009,SAVINGS,2021-02-15,,OPEN,0.0116
LCB00000771,C0001318,BR005,SAVINGS,2024-07-19,,OPEN,0.0121
LCB00000772,C0000925,BR016,CHECKING,2020-07-07,,OPEN,0.0007
LCB00000773,C0000470,BR008,CHECKING,2015-09-15,,OPEN,0.0005
LCB00000774,C0001308,BR036,SAVINGS,2023-08-01,,OPEN,0.0089
LCB00000775,C0001421,BR042,CHECKING,2024-09-24,,OPEN,0.0007
LCB00000776,C0001347,BR016,SAVINGS,2020-03-03,,OPEN,0.0097
LCB00000777,C0001001,BR012,CHECKING,2020-06-22,,OPEN,0.0008
LCB00000778,C0000642,BR006,CHECKING,2023-06-21,,OPEN,0.0003
LCB00000779,C0000488,BR019,CD,2019-09-27,,OPEN,0.0396
LCB00000780,C0000449,BR026,MONEY_MARKET,2002-11-07,,OPEN,0.0321
LCB00000781,C0000608,BR024,CHECKING,1999-10-25,,OPEN,0.0004
LCB00000782,C0000953,BR024,CHECKING,2017-09-08,,OPEN,0.0006
LCB00000783,C0000071,BR010,SAVINGS,2002-07-22,,OPEN,0.0106
LCB00000784,C0000336,BR034,MONEY_MARKET,2025-06-30,,OPEN,0.0339
LCB00000785,C0001415,BR012,MONEY_MARKET,2025-12-04,,OPEN,0.0370
LCB00000786,C0000935,BR026,CHECKING,2023-12-04,,OPEN,0.0004
LCB00000787,C0000781,BR021,CD,2025-12-04,,OPEN,0.0394
LCB00000788,C0001389,BR018,CHECKING,2026-07-12,,OPEN,0.0002
LCB00000789,C0000048,BR036,CHECKING,2024-12-03,,OPEN,0.0004
LCB00000790,C0000577,BR017,CHECKING,2018-05-12,,OPEN,0.0007
LCB00000791,C0000862,BR002,CHECKING,2019-12-16,,OPEN,0.0004
LCB00000792,C0000441,BR026,CHECKING,2019-04-01,,OPEN,0.0002
LCB00000793,C0000354,BR012,CD,2021-09-04,,OPEN,0.0355
LCB00000794,C0000527,BR006,CHECKING,2020-03-22,,OPEN,0.0001
LCB00000795,C0000489,BR038,CHECKING,2011-06-28,,OPEN,0.0003
LCB00000796,C0000628,BR041,CHECKING,2021-03-01,,OPEN,0.0007
LCB00000797,C0001121,BR018,MONEY_MARKET,2016-12-05,,OPEN,0.0264
LCB00000798,C0000570,BR019,MONEY_MARKET,2020-02-28,,OPEN,0.0343
LCB00000799,C0000440,BR032,SAVINGS,2026-03-02,,OPEN,0.0117
LCB00000800,C0000298,BR008,CHECKING,2019-12-31,,OPEN,0.0008
LCB00000801,C0000343,BR025,CHECKING,2025-04-20,,OPEN,0.0005
LCB00000802,C0001153,BR002,SAVINGS,2010-03-27,,OPEN,0.0069
LCB00000803,C0000561,BR039,CHECKING,2023-02-06,,OPEN,0.0004
LCB00000804,C0000746,BR004,SAVINGS,2017-05-24,,OPEN,0.0093
LCB00000805,C0000136,BR007,CHECKING,2018-09-03,,OPEN,0.0008
LCB00000806,C0000021,BR033,MONEY_MARKET,2023-10-19,,OPEN,0.0285
LCB00000807,C0001264,BR009,MONEY_MARKET,2025-07-19,,OPEN,0.0341
LCB00000808,C0000322,BR013,SAVINGS,2024-06-26,,OPEN,0.0076
LCB00000809,C0000906,BR031,SAVINGS,2025-03-13,,OPEN,0.0049
LCB00000810,C0000599,BR003,CD,2025-01-08,,OPEN,0.0392
LCB00000811,C0000253,BR014,CD,2024-11-21,,OPEN,0.0368
LCB00000812,C0000029,BR008,SAVINGS,2020-02-19,,OPEN,0.0062
LCB00000813,C0000558,BR009,SAVINGS,2025-05-23,,OPEN,0.0060
LCB00000814,C0000293,BR009,SAVINGS,2018-02-04,,OPEN,0.0087
LCB00000815,C0000855,BR020,CHECKING,2025-12-23,,OPEN,0.0007
LCB00000816,C0001107,BR017,CHECKING,2017-12-05,,OPEN,0.0003
LCB00000817,C0000007,BR017,CHECKING,2016-12-19,,OPEN,0.0008
LCB00000818,C0001182,BR036,CHECKING,2010-05-24,,OPEN,0.0005
LCB00000819,C0000162,BR029,SAVINGS,2025-08-02,,OPEN,0.0071
LCB00000820,C0000637,BR036,CD,2012-04-10,,OPEN,0.0422
LCB00000821,C0001158,BR006,SAVINGS,2023-04-16,,OPEN,0.0081
LCB00000822,C0000101,BR019,MONEY_MARKET,2023-08-03,,OPEN,0.0355
LCB00000823,C0000259,BR024,CHECKING,2013-12-13,,OPEN,0.0006
LCB00000824,C0001447,BR008,CD,2020-11-26,,OPEN,0.0455
LCB00000825,C0000371,BR017,CHECKING,2025-03-09,,OPEN,0.0007
LCB00000826,C0000057,BR024,MONEY_MARKET,2026-05-07,,OPEN,0.0355
LCB00000827,C0001306,BR018,CHECKING,2009-05-25,,OPEN,0.0004
LCB00000828,C0000141,BR020,CHECKING,2026-04-23,,OPEN,0.0008
LCB00000829,C0000468,BR008,CHECKING,2021-11-08,,OPEN,0.0007
LCB00000830,C0000787,BR007,CHECKING,1997-05-17,,OPEN,0.0005
LCB00000831,C0001168,BR013,SAVINGS,2024-08-23,,OPEN,0.0087
LCB00000832,C0000239,BR011,MONEY_MARKET,2019-09-02,,OPEN,0.0245
LCB00000833,C0001249,BR008,SAVINGS,2024-10-18,,OPEN,0.0116
LCB00000834,C0000230,BR034,CHECKING,2014-02-10,,OPEN,0.0007
LCB00000835,C0000373,BR020,CHECKING,2024-03-25,,OPEN,0.0004
LCB00000836,C0001194,BR029,CHECKING,2016-11-25,,OPEN,0.0000
LCB00000837,C0001257,BR023,CHECKING,2023-03-22,,OPEN,0.0005
LCB00000838,C0001309,BR026,CHECKING,2023-08-09,,OPEN,0.0008
LCB00000839,C0000524,BR017,MONEY_MARKET,2025-11-24,,OPEN,0.0277
LCB00000840,C0001347,BR016,CHECKING,2017-11-20,,OPEN,0.0006
LCB00000841,C0001052,BR024,MONEY_MARKET,2014-07-09,,OPEN,0.0230
LCB00000842,C0000202,BR013,SAVINGS,2021-08-05,,OPEN,0.0097
LCB00000843,C0000603,BR031,CD,2023-03-21,,OPEN,0.0431
LCB00000844,C0000120,BR038,CHECKING,2025-07-12,,OPEN,0.0000
LCB00000845,C0001211,BR004,CD,2024-11-17,,OPEN,0.0383
LCB00000846,C0001443,BR030,SAVINGS,2020-12-29,,OPEN,0.0118
LCB00000847,C0001408,BR030,CHECKING,2000-09-05,,OPEN,0.0004
LCB00000848,C0001305,BR040,CHECKING,2023-01-23,,OPEN,0.0002
LCB00000849,C0001273,BR006,CHECKING,2016-09-26,,OPEN,0.0007
LCB00000850,C0000813,BR030,CHECKING,2017-03-31,,OPEN,0.0000
LCB00000851,C0000591,BR039,CHECKING,2022-10-08,,OPEN,0.0001
LCB00000852,C0000971,BR002,CHECKING,2026-02-05,,OPEN,0.0007
LCB00000853,C0001019,BR014,SAVINGS,2004-11-27,,OPEN,0.0062
LCB00000854,C0001039,BR005,CHECKING,2024-04-13,,OPEN,0.0003
LCB00000855,C0000307,BR004,CHECKING,2026-09-10,,OPEN,0.0001
LCB00000856,C0001399,BR012,CHECKING,2026-06-14,,OPEN,0.0004
LCB00000857,C0000107,BR019,CHECKING,2025-12-04,,OPEN,0.0003
LCB00000858,C0001307,BR038,SAVINGS,2022-04-26,,OPEN,0.0052
LCB00000859,C0000242,BR040,CHECKING,2026-09-20,,OPEN,0.0007
LCB00000860,C0001141,BR005,SAVINGS,2025-03-21,,OPEN,0.0098
LCB00000861,C0000405,BR033,CHECKING,2022-01-07,,OPEN,0.0002
LCB00000862,C0000363,BR006,MONEY_MARKET,2023-08-07,,OPEN,0.0267
LCB00000863,C0000330,BR017,MONEY_MARKET,2023-03-03,,OPEN,0.0324
LCB00000864,C0000122,BR006,CD,2026-06-10,,OPEN,0.0356
LCB00000865,C0000449,BR026,CHECKING,2006-07-27,,OPEN,0.0008
LCB00000866,C0001284,BR022,SAVINGS,2006-06-12,,OPEN,0.0063
LCB00000867,C0000153,BR024,CHECKING,2024-09-20,,OPEN,0.0005
LCB00000868,C0000545,BR028,CHECKING,2021-06-11,,OPEN,0.0009
LCB00000869,C0000079,BR036,CHECKING,2014-01-18,,OPEN,0.0003
LCB00000870,C0000419,BR028,CHECKING,2012-07-17,,OPEN,0.0003
LCB00000871,C0001361,BR013,CHECKING,2023-12-22,,OPEN,0.0004
LCB00000872,C0000880,BR035,SAVINGS,2023-09-28,,OPEN,0.0085
LCB00000873,C0000199,BR037,CHECKING,2023-01-18,,OPEN,0.0009
LCB00000874,C0000476,BR007,CHECKING,2019-05-04,,OPEN,0.0002
LCB00000875,C0001297,BR034,CHECKING,2022-04-19,,OPEN,0.0003
LCB00000876,C0000689,BR041,CD,2025-06-03,,OPEN,0.0436
LCB00000877,C0001250,BR009,CHECKING,2020-09-30,,OPEN,0.0010
LCB00000878,C0001222,BR037,CHECKING,2026-06-02,,OPEN,0.0003
LCB00000879,C0000290,BR005,CHECKING,2025-05-02,,OPEN,0.0006
LCB00000880,C0001253,BR033,CHECKING,2024-02-06,,OPEN,0.0004
LCB00000881,C0000084,BR004,CHECKING,2023-12-08,,OPEN,0.0008
LCB00000882,C0001053,BR021,SAVINGS,2025-12-24,,OPEN,0.0051
LCB00000883,C0000721,BR037,CHECKING,2026-09-05,,OPEN,0.0009
LCB00000884,C0000429,BR040,SAVINGS,2020-01-20,,OPEN,0.0072
LCB00000885,C0001192,BR026,CHECKING,2026-03-15,,OPEN,0.0008
LCB00000886,C0000387,BR030,SAVINGS,2025-07-19,,OPEN,0.0113
LCB00000887,C0000250,BR019,SAVINGS,2023-02-12,,OPEN,0.0124
LCB00000888,C0000857,BR016,CHECKING,2022-06-10,,OPEN,0.0006
LCB00000889,C0000254,BR027,CHECKING,2025-04-03,,OPEN,0.0005
LCB00000890,C0000860,BR042,MONEY_MARKET,2015-08-18,,OPEN,0.0293
LCB00000891,C0001172,BR040,CD,2025-06-09,,OPEN,0.0382
LCB00000892,C0000506,BR017,CHECKING,2019-03-13,2026-07-09,CLOSED,0.0004
LCB00000893,C0000406,BR001,MONEY_MARKET,2019-05-03,,OPEN,0.0301
LCB00000894,C0000063,BR030,CHECKING,2023-05-07,,OPEN,0.0005
LCB00000895,C0000288,BR020,CHECKING,2003-12-26,,OPEN,0.0004
LCB00000896,C0001344,BR009,CHECKING,2018-03-11,,OPEN,0.0009
LCB00000897,C0000238,BR005,CHECKING,2009-06-22,,OPEN,0.0004
LCB00000898,C0000691,BR012,CD,2026-09-12,,OPEN,0.0469
LCB00000899,C0001207,BR009,CHECKING,2026-07-14,,OPEN,0.0008
LCB00000900,C0001128,BR009,SAVINGS,2017-11-13,,OPEN,0.0106
LCB00000901,C0000904,BR034,CHECKING,2021-11-15,,OPEN,0.0001
LCB00000902,C0000404,BR008,CHECKING,2013-04-13,,OPEN,0.0006
LCB00000903,C0000676,BR027,CD,2002-11-28,,OPEN,0.0414
LCB00000904,C0000791,BR029,CD,2021-12-26,,OPEN,0.0452
LCB00000905,C0000476,BR013,CHECKING,2024-12-14,,OPEN,0.0006
LCB00000906,C0000645,BR024,CD,2020-12-04,,OPEN,0.0435
LCB00000907,C0000194,BR043,CHECKING,2025-07-04,,OPEN,0.0009
LCB00000908,C0001422,BR016,SAVINGS,2013-09-05,,OPEN,0.0111
LCB00000909,C0000553,BR035,SAVINGS,2006-03-03,,OPEN,0.0104
LCB00000910,C0000350,BR026,CD,2026-08-23,,OPEN,0.0439
LCB00000911,C0001204,BR004,SAVINGS,2026-05-02,,OPEN,0.0074
LCB00000912,C0001114,BR034,SAVINGS,2015-05-14,,OPEN,0.0114
LCB00000913,C0000237,BR037,CHECKING,2026-03-05,,OPEN,0.0004
LCB00000914,C0000548,BR020,SAVINGS,2026-05-21,,OPEN,0.0078
LCB00000915,C0000495,BR030,CHECKING,2021-03-30,,OPEN,0.0004
LCB00000916,C0001380,BR025,SAVINGS,2021-08-31,,OPEN,0.0108
LCB00000917,C0000653,BR031,CHECKING,2026-08-07,,OPEN,0.0009
LCB00000918,C0000856,BR032,SAVINGS,2007-07-01,,OPEN,0.0058
LCB00000919,C0000431,BR041,CHECKING,2026-09-09,,OPEN,0.0009
LCB00000920,C0000139,BR021,CD,2026-04-06,,OPEN,0.0390
LCB00000921,C0000206,BR030,CHECKING,2026-07-31,,OPEN,0.0002
LCB00000922,C0000366,BR019,SAVINGS,2023-09-19,,OPEN,0.0109
LCB00000923,C0001023,BR033,CHECKING,2021-11-01,,OPEN,0.0007
LCB00000924,C0001339,BR023,CD,2019-06-03,,OPEN,0.0386
LCB00000925,C0000808,BR008,MONEY_MARKET,2025-10-12,,OPEN,0.0295
LCB00000926,C0001114,BR034,CD,2009-09-04,2026-08-04,CLOSED,0.0465
LCB00000927,C0000863,BR015,MONEY_MARKET,2026-05-06,,OPEN,0.0302
LCB00000928,C0001397,BR011,SAVINGS,2026-04-06,,OPEN,0.0099
LCB00000929,C0000260,BR030,SAVINGS,2026-09-20,,OPEN,0.0049
LCB00000930,C0000747,BR037,CD,2015-12-21,,OPEN,0.0414
LCB00000931,C0000442,BR022,CD,2025-05-23,,OPEN,0.0404
LCB00000932,C0000710,BR003,SAVINGS,2026-02-14,,OPEN,0.0119
LCB00000933,C0001327,BR013,CHECKING,2016-09-14,,OPEN,0.0010
LCB00000934,C0000008,BR042,CHECKING,2023-02-03,,OPEN,0.0001
LCB00000935,C0000113,BR022,CHECKING,2025-03-01,,OPEN,0.0004
LCB00000936,C0001048,BR026,CHECKING,2009-11-24,,OPEN,0.0004
LCB00000937,C0001152,BR023,CHECKING,2012-08-20,,OPEN,0.0002
LCB00000938,C0001242,BR042,CHECKING,2023-02-22,,OPEN,0.0002
LCB00000939,C0000291,BR042,CHECKING,2026-09-08,,OPEN,0.0000
LCB00000940,C0000171,BR008,CHECKING,2020-01-01,,OPEN,0.0008
LCB00000941,C0001118,BR013,SAVINGS,2019-01-26,,OPEN,0.0097
LCB00000942,C0000536,BR004,MONEY_MARKET,2024-02-24,,OPEN,0.0327
LCB00000943,C0000026,BR028,CHECKING,2026-02-22,,OPEN,0.0003
LCB00000944,C0001067,BR029,MONEY_MARKET,2025-04-06,,OPEN,0.0312
LCB00000945,C0000176,BR022,MONEY_MARKET,2015-08-21,,OPEN,0.0319
LCB00000946,C0000802,BR040,CHECKING,2025-10-31,,OPEN,0.0004
LCB00000947,C0001275,BR042,MONEY_MARKET,2025-12-31,,OPEN,0.0204
LCB00000948,C0000059,BR008,CHECKING,2025-08-23,,OPEN,0.0009
LCB00000949,C0000414,BR023,SAVINGS,2021-07-28,,OPEN,0.0063
LCB00000950,C0001298,BR020,CHECKING,2026-08-01,,OPEN,0.0000
LCB00000951,C0000646,BR037,SAVINGS,2018-05-19,,OPEN,0.0122
LCB00000952,C0001191,BR011,MONEY_MARKET,2022-05-25,,OPEN,0.0239
LCB00000953,C0001000,BR002,CHECKING,2016-12-30,,OPEN,0.0006
LCB00000954,C0000301,BR005,SAVINGS,2026-05-07,,OPEN,0.0125
LCB00000955,C0000129,BR005,SAVINGS,2018-12-30,2026-07-31,CLOSED,0.0103
LCB00000956,C0000323,BR033,MONEY_MARKET,2024-03-07,,OPEN,0.0334
LCB00000957,C0000807,BR016,SAVINGS,2009-06-27,,OPEN,0.0069
LCB00000958,C0001384,BR019,MONEY_MARKET,2023-11-02,,OPEN,0.0374
LCB00000959,C0000327,BR002,CHECKING,2015-09-11,,OPEN,0.0006
LCB00000960,C0001071,BR001,SAVINGS,2022-09-09,,OPEN,0.0056
LCB00000961,C0000415,BR008,CD,2021-02-22,,OPEN,0.0427
LCB00000962,C0000550,BR015,SAVINGS,2024-09-17,,OPEN,0.0046
LCB00000963,C0001224,BR025,CD,2025-03-16,,OPEN,0.0468
LCB00000964,C0000729,BR012,MONEY_MARKET,2024-02-12,,OPEN,0.0267
LCB00000965,C0001436,BR021,CHECKING,2025-03-14,,OPEN,0.0005
LCB00000966,C0000943,BR007,MONEY_MARKET,2019-05-13,,OPEN,0.0292
LCB00000967,C0001087,BR023,SAVINGS,2024-10-12,,OPEN,0.0107
LCB00000968,C0000601,BR019,CHECKING,2026-02-23,,OPEN,0.0004
LCB00000969,C0000098,BR020,CD,2025-04-07,,OPEN,0.0435
LCB00000970,C0001442,BR002,CHECKING,2010-03-27,,OPEN,0.0003
LCB00000971,C0000462,BR020,SAVINGS,2021-04-15,,OPEN,0.0097
LCB00000972,C0001283,BR012,CHECKING,2008-07-06,,OPEN,0.0000
LCB00000973,C0000465,BR036,CHECKING,2026-06-06,,OPEN,0.0002
LCB00000974,C0000466,BR027,MONEY_MARKET,2011-09-23,,OPEN,0.0259
LCB00000975,C0000230,BR034,SAVINGS,2024-03-04,,OPEN,0.0090
LCB00000976,C0000062,BR013,CHECKING,2022-02-18,,OPEN,0.0002
LCB00000977,C0000661,BR012,CHECKING,2020-10-28,,OPEN,0.0001
LCB00000978,C0000018,BR025,SAVINGS,2016-02-07,,OPEN,0.0087
LCB00000979,C0000649,BR018,CD,2026-05-29,,OPEN,0.0399
LCB00000980,C0000541,BR012,SAVINGS,2021-12-24,,OPEN,0.0114
LCB00000981,C0000794,BR021,MONEY_MARKET,2026-07-22,,OPEN,0.0324
LCB00000982,C0000028,BR005,CHECKING,2025-12-30,,OPEN,0.0001
LCB00000983,C0000136,BR007,CHECKING,2025-02-07,,OPEN,0.0001
LCB00000984,C0001337,BR002,CD,2026-08-03,,OPEN,0.0447
LCB00000985,C0000447,BR020,SAVINGS,2025-06-17,,OPEN,0.0109
LCB00000986,C0000640,BR030,SAVINGS,2026-09-11,,OPEN,0.0062
LCB00000987,C0001412,BR034,CHECKING,2020-04-12,,OPEN,0.0008
LCB00000988,C0000200,BR017,CD,2026-06-02,,OPEN,0.0424
LCB00000989,C0000308,BR036,CHECKING,2025-02-26,,OPEN,0.0003
LCB00000990,C0000019,BR017,CHECKING,2008-09-18,,OPEN,0.0008
LCB00000991,C0001055,BR024,MONEY_MARKET,2026-03-16,,OPEN,0.0246
LCB00000992,C0000186,BR013,CHECKING,2016-08-22,,OPEN,0.0008
LCB00000993,C0001120,BR018,CHECKING,2022-01-08,,OPEN,0.0001
LCB00000994,C0001121,BR020,CHECKING,2019-03-15,,OPEN,0.0002
LCB00000995,C0000502,BR004,CHECKING,2021-10-11,,OPEN,0.0001
LCB00000996,C0000514,BR034,CHECKING,2012-11-08,,OPEN,0.0000
LCB00000997,C0000100,BR019,CHECKING,2019-01-17,,OPEN,0.0006
LCB00000998,C0000778,BR031,MONEY_MARKET,2013-01-13,,OPEN,0.0258
LCB00000999,C0000473,BR029,SAVINGS,2020-03-01,,OPEN,0.0050
LCB00001000,C0000731,BR036,MONEY_MARKET,2025-12-26,,OPEN,0.0340
LCB00001001,C0000196,BR026,CHECKING,2026-03-31,,OPEN,0.0006
LCB00001002,C0000864,BR013,MONEY_MARKET,2026-06-21,,OPEN,0.0357
LCB00001003,C0000605,BR015,CHECKING,2023-10-24,,OPEN,0.0004
LCB00001004,C0001285,BR026,CHECKING,2023-05-24,,OPEN,0.0009
LCB00001005,C0000843,BR005,CHECKING,2025-10-06,,OPEN,0.0001
LCB00001006,C0000634,BR031,CHECKING,2015-09-22,,OPEN,0.0002
LCB00001007,C0000303,BR011,SAVINGS,2023-03-25,,OPEN,0.0102
LCB00001008,C0000153,BR024,CHECKING,2025-06-25,,OPEN,0.0000
LCB00001009,C0000728,BR037,CD,2026-05-21,,OPEN,0.0440
LCB00001010,C0001066,BR041,CD,2022-11-09,,OPEN,0.0373
LCB00001011,C0000622,BR006,SAVINGS,2026-07-25,,OPEN,0.0040
LCB00001012,C0000268,BR011,SAVINGS,2019-08-29,,OPEN,0.0042
LCB00001013,C0000927,BR013,CHECKING,2021-08-26,,OPEN,0.0010
LCB00001014,C0000028,BR005,CHECKING,2025-12-25,,OPEN,0.0000
LCB00001015,C0000931,BR020,CHECKING,2018-05-01,,OPEN,0.0002
LCB00001016,C0000213,BR038,SAVINGS,2013-12-23,,OPEN,0.0066
LCB00001017,C0000871,BR037,CHECKING,2022-07-26,,OPEN,0.0005
LCB00001018,C0000956,BR018,CHECKING,2023-07-31,,OPEN,0.0000
LCB00001019,C0001112,BR018,SAVINGS,2025-03-25,,OPEN,0.0110
LCB00001020,C0000456,BR027,CHECKING,2026-05-24,,OPEN,0.0001
LCB00001021,C0001228,BR035,CHECKING,2020-01-10,,OPEN,0.0004
LCB00001022,C0000772,BR029,SAVINGS,2016-03-25,,OPEN,0.0072
LCB00001023,C0000132,BR026,CHECKING,2025-06-22,,OPEN,0.0002
LCB00001024,C0000609,BR022,SAVINGS,2019-07-26,,OPEN,0.0107
LCB00001025,C0001065,BR013,CHECKING,2016-04-16,,OPEN,0.0003
LCB00001026,C0000646,BR037,CD,2018-02-03,,OPEN,0.0395
LCB00001027,C0001282,BR025,MONEY_MARKET,2026-05-16,,OPEN,0.0263
LCB00001028,C0000067,BR005,SAVINGS,2002-04-27,,OPEN,0.0061
LCB00001029,C0000125,BR009,SAVINGS,2023-11-13,,OPEN,0.0094
LCB00001030,C0000490,BR004,CHECKING,2013-01-16,,OPEN,0.0009
LCB00001031,C0001425,BR033,CHECKING,2025-10-15,,OPEN,0.0009
LCB00001032,C0000337,BR018,SAVINGS,2026-07-26,,OPEN,0.0107
LCB00001033,C0000751,BR026,SAVINGS,2017-09-08,,OPEN,0.0097
LCB00001034,C0001146,BR040,CHECKING,2026-01-13,,OPEN,0.0004
LCB00001035,C0001366,BR019,CHECKING,2016-01-04,,OPEN,0.0001
LCB00001036,C0001160,BR021,SAVINGS,2023-09-27,,OPEN,0.0102
LCB00001037,C0001163,BR021,CHECKING,2024-03-25,,OPEN,0.0002
LCB00001038,C0000033,BR012,MONEY_MARKET,2021-12-02,,OPEN,0.0214
LCB00001039,C0001180,BR038,CHECKING,2026-04-27,,OPEN,0.0001
LCB00001040,C0000704,BR022,MONEY_MARKET,2015-08-16,,OPEN,0.0306
LCB00001041,C0000960,BR015,MONEY_MARKET,2015-08-17,,OPEN,0.0328
LCB00001042,C0001358,BR027,CHECKING,2025-05-02,,OPEN,0.0000
LCB00001043,C0001403,BR010,CHECKING,2021-08-16,,OPEN,0.0008
LCB00001044,C0000174,BR010,MONEY_MARKET,1998-12-03,,OPEN,0.0212
LCB00001045,C0001175,BR036,CHECKING,2026-09-13,,OPEN,0.0009
LCB00001046,C0001063,BR012,SAVINGS,2026-08-08,,OPEN,0.0092
LCB00001047,C0001229,BR034,CHECKING,2024-05-23,,OPEN,0.0004
LCB00001048,C0000623,BR036,CD,2024-07-14,,OPEN,0.0425
LCB00001049,C0000153,BR024,CHECKING,2025-01-20,2026-08-26,CLOSED,0.0008
LCB00001050,C0000712,BR031,CHECKING,2015-07-29,,OPEN,0.0002
LCB00001051,C0000742,BR028,CHECKING,2021-02-25,,OPEN,0.0002
LCB00001052,C0000695,BR023,CHECKING,2025-03-05,,OPEN,0.0003
LCB00001053,C0000255,BR037,CHECKING,2013-09-09,,OPEN,0.0001
LCB00001054,C0001414,BR021,CHECKING,2026-08-30,,OPEN,0.0008
LCB00001055,C0000183,BR003,CHECKING,2001-07-04,,OPEN,0.0008
LCB00001056,C0000161,BR006,SAVINGS,2024-06-30,,OPEN,0.0044
LCB00001057,C0001159,BR016,CHECKING,2016-07-11,,OPEN,0.0008
LCB00001058,C0001372,BR006,CD,2023-03-08,,OPEN,0.0365
LCB00001059,C0001409,BR008,CHECKING,2021-07-08,,OPEN,0.0007
LCB00001060,C0000549,BR018,CHECKING,2002-06-17,,OPEN,0.0004
LCB00001061,C0000741,BR006,SAVINGS,2021-08-26,,OPEN,0.0060
LCB00001061,C0000741,BR006,SAVINGS,2021-08-26,,OPEN,0.0060
LCB00001062,C0000217,BR005,CHECKING,2021-04-14,,OPEN,0.0008
LCB00001063,C0000363,BR006,CHECKING,2026-09-22,,OPEN,0.0008
LCB00001064,C0001359,BR015,CD,2005-01-18,,OPEN,0.0433
LCB00001065,C0000193,BR024,CHECKING,2010-11-22,,OPEN,0.0004
LCB00001066,C0001057,BR012,CHECKING,2001-11-02,,OPEN,0.0006
LCB00001067,C0001047,BR013,SAVINGS,2026-02-28,,OPEN,0.0076
LCB00001068,C0000830,BR038,CHECKING,2025-10-11,,OPEN,0.0001
LCB00001069,C0000706,BR021,CHECKING,2010-01-22,,OPEN,0.0008
LCB00001070,C0000161,BR006,SAVINGS,2017-12-07,,OPEN,0.0065
LCB00001071,C0000769,BR042,CD,2005-11-11,,OPEN,0.0387
LCB00001072,C0000976,BR036,CHECKING,2019-08-23,,OPEN,0.0003
LCB00001073,C0000694,BR031,CHECKING,2023-02-11,,OPEN,0.0007
LCB00001074,C0000129,BR005,CHECKING,2026-03-05,,OPEN,0.0003
LCB00001075,C0000911,BR035,CHECKING,2025-03-03,,OPEN,0.0008
LCB00001076,C0000111,BR005,MONEY_MARKET,2007-06-30,,OPEN,0.0355
LCB00001077,C0000690,BR020,CHECKING,2008-04-06,,OPEN,0.0009
LCB00001078,C0000344,BR024,CHECKING,2021-03-01,,OPEN,0.0004
LCB00001079,C0001133,BR020,CHECKING,2026-09-06,,OPEN,0.0008
LCB00001080,C0000042,BR038,CHECKING,2023-12-10,,OPEN,0.0001
LCB00001081,C0000912,BR027,CHECKING,2024-01-07,,OPEN,0.0001
LCB00001082,C0000172,BR009,SAVINGS,2024-06-23,,OPEN,0.0106
LCB00001083,C0000870,BR041,MONEY_MARKET,2024-07-24,,OPEN,0.0254
LCB00001084,C0001187,BR033,CHECKING,2023-09-12,,OPEN,0.0001
LCB00001085,C0000215,BR029,CHECKING,2013-04-15,,OPEN,0.0001
LCB00001086,C0001302,BR009,CD,2026-03-23,,OPEN,0.0426
LCB00001087,C0001129,BR014,CHECKING,2026-03-22,,OPEN,0.0010
LCB00001088,C0000056,BR039,CHECKING,2026-06-12,,OPEN,0.0001
LCB00001089,C0000109,BR019,SAVINGS,2025-12-05,,OPEN,0.0059
LCB00001090,C0000941,BR033,SAVINGS,2021-12-24,,OPEN,0.0087
LCB00001091,C0000626,BR010,CHECKING,2025-08-03,,OPEN,0.0007
LCB00001092,C0000648,BR031,CHECKING,2024-12-20,,OPEN,0.0004
LCB00001093,C0000795,BR027,SAVINGS,2026-01-06,,OPEN,0.0085
LCB00001094,C0000638,BR006,SAVINGS,2023-05-24,,OPEN,0.0097
LCB00001095,C0000232,BR006,SAVINGS,2017-03-20,,OPEN,0.0104
LCB00001096,C0000876,BR031,SAVINGS,2017-11-21,,OPEN,0.0078
LCB00001097,C0000439,BR034,CHECKING,2021-11-22,,OPEN,0.0008
LCB00001098,C0000093,BR031,CHECKING,2023-08-16,,OPEN,0.0003
LCB00001099,C0000698,BR034,MONEY_MARKET,2011-12-30,,OPEN,0.0232
LCB00001100,C0000867,BR010,SAVINGS,2013-12-05,,OPEN,0.0106
LCB00001101,C0000385,BR034,CHECKING,2016-03-28,,OPEN,0.0005
LCB00001102,C0000656,BR012,SAVINGS,2022-07-22,,OPEN,0.0107
LCB00001103,C0000076,BR039,CHECKING,2015-01-28,,OPEN,0.0002
LCB00001104,C0001439,BR017,MONEY_MARKET,2011-01-28,,OPEN,0.0316
LCB00001105,C0001378,BR016,SAVINGS,2025-09-22,,OPEN,0.0123
LCB00001106,C0000854,BR020,SAVINGS,2026-09-18,,OPEN,0.0120
LCB00001107,C0001259,BR013,SAVINGS,2008-06-22,,OPEN,0.0081
LCB00001108,C0000882,BR003,CHECKING,2001-09-17,,OPEN,0.0002
LCB00001109,C0000522,BR041,CHECKING,2020-03-18,,OPEN,0.0007
LCB00001110,C0000513,BR010,CHECKING,2023-06-03,,OPEN,0.0006
LCB00001111,C0000186,BR011,CHECKING,2017-09-24,,OPEN,0.0005
LCB00001112,C0000294,BR015,CHECKING,2026-09-26,,OPEN,0.0004
LCB00001113,C0000667,BR012,MONEY_MARKET,2011-06-17,,OPEN,0.0303
LCB00001114,C0001099,BR022,CD,2025-08-09,,OPEN,0.0384
LCB00001115,C0000204,BR041,CHECKING,2026-05-30,,OPEN,0.0007
LCB00001116,C0000762,BR027,CHECKING,2009-09-15,,OPEN,0.0001
LCB00001117,C0000786,BR014,SAVINGS,2014-05-18,,OPEN,0.0111
LCB00001118,C0000814,BR026,CHECKING,2025-08-08,,OPEN,0.0007
LCB00001119,C0000968,BR020,CHECKING,2018-05-24,,OPEN,0.0001
LCB00001120,C0000440,BR006,CHECKING,2024-02-06,2026-08-04,CLOSED,0.0006
LCB00001121,C0000184,BR028,SAVINGS,2021-12-17,,OPEN,0.0122
LCB00001122,C0000267,BR025,SAVINGS,2022-03-26,,OPEN,0.0097
LCB00001123,C0001294,BR026,MONEY_MARKET,2021-11-18,,OPEN,0.0331
LCB00001124,C0000034,BR021,MONEY_MARKET,1999-09-30,,OPEN,0.0325
LCB00001125,C0001335,BR035,CHECKING,1999-08-09,,OPEN,0.0006
LCB00001126,C0000848,BR011,CHECKING,2021-06-16,,OPEN,0.0007
LCB00001127,C0000359,BR001,SAVINGS,2020-08-10,,OPEN,0.0113
LCB00001128,C0001208,BR011,CHECKING,2026-09-17,,OPEN,0.0007
LCB00001129,C0000170,BR015,CHECKING,2025-12-25,,OPEN,0.0008
LCB00001130,C0000314,BR022,CHECKING,2023-03-03,,OPEN,0.0004
LCB00001131,C0000714,BR008,CD,2022-12-14,,OPEN,0.0360
LCB00001132,C0000023,BR005,CHECKING,2005-05-25,,OPEN,0.0007
LCB00001133,C0000894,BR010,SAVINGS,2015-01-21,,OPEN,0.0094
LCB00001134,C0001400,BR013,CHECKING,2023-09-12,,OPEN,0.0008
LCB00001135,C0000043,BR006,CHECKING,2026-04-05,,OPEN,0.0002
LCB00001136,C0000105,BR009,CHECKING,2025-08-19,2026-08-07,CLOSED,0.0002
LCB00001137,C0000859,BR034,SAVINGS,2024-03-22,,OPEN,0.0057
LCB00001138,C0000437,BR028,SAVINGS,2022-01-11,,OPEN,0.0080
LCB00001139,C0001088,BR012,SAVINGS,2024-08-26,,OPEN,0.0098
LCB00001140,C0000191,BR040,SAVINGS,2023-10-04,,OPEN,0.0106
LCB00001141,C0000750,BR013,CHECKING,2026-04-17,,OPEN,0.0001
LCB00001142,C0001076,BR034,SAVINGS,2012-03-05,,OPEN,0.0060
LCB00001143,C0000612,BR023,CHECKING,2024-09-21,,OPEN,0.0002
LCB00001144,C0001442,BR002,SAVINGS,2026-07-19,,OPEN,0.0069
LCB00001145,C0000434,BR002,CHECKING,2025-08-20,,OPEN,0.0007
LCB00001146,C0001223,BR017,SAVINGS,2024-08-14,,OPEN,0.0053
LCB00001147,C0000770,BR001,CHECKING,2026-07-11,,OPEN,0.0001
LCB00001148,C0000855,BR020,SAVINGS,2023-02-13,,OPEN,0.0117
LCB00001149,C0000837,BR019,SAVINGS,2021-07-21,,OPEN,0.0076
LCB00001150,C0001212,BR002,CHECKING,2023-07-27,2026-08-15,CLOSED,0.0005
LCB00001151,C0000621,BR022,SAVINGS,2020-05-11,,OPEN,0.0062
LCB00001152,C0000277,BR042,SAVINGS,2023-04-11,,OPEN,0.0055
LCB00001153,C0000501,BR010,CHECKING,2026-03-23,,OPEN,0.0002
LCB00001154,C0000065,BR017,SAVINGS,2023-03-16,,OPEN,0.0115
LCB00001155,C0000523,BR035,SAVINGS,2019-04-17,,OPEN,0.0119
LCB00001156,C0001213,BR028,SAVINGS,2020-04-21,,OPEN,0.0103
LCB00001157,C0000897,BR029,CHECKING,2023-12-01,,OPEN,0.0005
LCB00001158,C0000946,BR030,MONEY_MARKET,2020-09-26,,OPEN,0.0208
LCB00001159,C0000482,BR014,CHECKING,2025-01-22,,OPEN,0.0002
LCB00001160,C0000328,BR011,CD,2018-11-05,,OPEN,0.0363
LCB00001161,C0000969,BR001,SAVINGS,2010-03-23,,OPEN,0.0066
LCB00001162,C0000178,BR009,CD,2016-08-05,,OPEN,0.0446
LCB00001163,C0001256,BR002,CHECKING,2025-08-21,,OPEN,0.0001
LCB00001164,C0000325,BR030,CHECKING,2024-01-31,,OPEN,0.0002
LCB00001165,C0000562,BR033,CHECKING,2021-01-27,,OPEN,0.0008
LCB00001166,C0000096,BR036,CD,2024-10-10,,OPEN,0.0449
LCB00001167,C0000025,BR016,CHECKING,2017-02-07,,OPEN,0.0000
LCB00001168,C0000517,BR025,CHECKING,2022-07-25,,OPEN,0.0004
LCB00001169,C0001016,BR038,CHECKING,2019-12-24,,OPEN,0.0008
LCB00001170,C0000265,BR030,SAVINGS,2022-11-16,,OPEN,0.0041
LCB00001171,C0001030,BR030,CHECKING,2016-07-02,,OPEN,0.0001
LCB00001172,C0000805,BR011,CD,2020-12-19,,OPEN,0.0426
LCB00001173,C0001429,BR031,CHECKING,2016-08-12,,OPEN,0.0005
LCB00001174,C0001290,BR015,SAVINGS,2002-11-26,,OPEN,0.0108
LCB00001175,C0000253,BR037,CHECKING,2018-07-17,,OPEN,0.0002
LCB00001176,C0000846,BR027,CD,2017-10-20,,OPEN,0.0376
LCB00001177,C0000027,BR030,CD,2024-02-22,,OPEN,0.0401
LCB00001178,C0000059,BR035,SAVINGS,2019-12-02,,OPEN,0.0091
LCB00001179,C0000954,BR003,CHECKING,2022-11-23,,OPEN,0.0006
LCB00001180,C0001352,BR037,CHECKING,2019-07-02,,OPEN,0.0006
LCB00001181,C0001212,BR026,SAVINGS,2024-06-25,,OPEN,0.0106
LCB00001182,C0000545,BR028,CD,2022-02-23,,OPEN,0.0372
LCB00001183,C0000916,BR020,CHECKING,2026-01-06,,OPEN,0.0002
LCB00001184,C0000512,BR003,SAVINGS,2015-05-02,,OPEN,0.0083
LCB00001185,C0000370,BR020,CHECKING,2024-07-09,,OPEN,0.0002
LCB00001186,C0001251,BR002,CHECKING,2026-04-28,,OPEN,0.0004
LCB00001187,C0001119,BR031,SAVINGS,2007-10-05,,OPEN,0.0062
LCB00001188,C0000158,BR011,CHECKING,2013-06-05,,OPEN,0.0003
LCB00001189,C0000576,BR014,SAVINGS,2020-07-09,,OPEN,0.0052
LCB00001190,C0000266,BR019,CD,2017-02-01,,OPEN,0.0373
LCB00001191,C0000817,BR037,CHECKING,2019-03-13,,OPEN,0.0003
LCB00001192,C0000515,BR004,SAVINGS,2024-03-05,,OPEN,0.0082
LCB00001193,C0001027,BR022,SAVINGS,2005-07-19,,OPEN,0.0096
LCB00001194,C0000839,BR037,MONEY_MARKET,2024-04-11,,OPEN,0.0361
LCB00001195,C0000759,BR024,SAVINGS,2020-03-16,2026-08-16,CLOSED,0.0100
LCB00001196,C0000851,BR033,CHECKING,2022-12-10,,OPEN,0.0005
LCB00001197,C0000070,BR019,SAVINGS,2024-11-18,,OPEN,0.0124
LCB00001198,C0000103,BR034,SAVINGS,2026-05-01,2026-08-18,CLOSED,0.0109
LCB00001199,C0000961,BR030,CHECKING,2022-09-13,,OPEN,0.0010
LCB00001200,C0001116,BR034,CD,2022-02-09,,OPEN,0.0433
LCB00001201,C0000487,BR013,CHECKING,2021-06-03,,OPEN,0.0009
LCB00001202,C0000131,BR025,SAVINGS,2023-10-20,,OPEN,0.0054
LCB00001203,C0000364,BR028,CHECKING,2018-04-10,,OPEN,0.0003
LCB00001204,C0001331,BR040,CHECKING,2023-11-15,,OPEN,0.0010
LCB00001205,C0001405,BR040,SAVINGS,2021-03-17,,OPEN,0.0116
LCB00001206,C0001211,BR004,CHECKING,2023-07-03,,OPEN,0.0003
LCB00001207,C0001272,BR016,SAVINGS,2015-10-11,,OPEN,0.0044
LCB00001208,C0000600,BR002,CHECKING,2024-11-10,,OPEN,0.0000
LCB00001209,C0001008,BR038,SAVINGS,2025-01-10,,OPEN,0.0119
LCB00001210,C0001260,BR020,CHECKING,2022-08-22,,OPEN,0.0001
LCB00001211,C0001322,BR013,CHECKING,2020-11-27,,OPEN,0.0002
LCB00001212,C0000381,BR025,CHECKING,2026-09-06,,OPEN,0.0006
LCB00001213,C0001360,BR007,CD,2014-10-22,,OPEN,0.0361
LCB00001214,C0000612,BR013,CHECKING,2011-11-20,,OPEN,0.0007
LCB00001215,C0001385,BR004,CHECKING,2024-01-20,,OPEN,0.0002
LCB00001216,C0000114,BR018,CHECKING,2019-08-05,,OPEN,0.0004
LCB00001217,C0000620,BR026,CHECKING,2014-10-08,,OPEN,0.0006
LCB00001218,C0000446,BR031,CHECKING,2026-09-02,,OPEN,0.0009
LCB00001219,C0000402,BR009,CD,2005-07-12,,OPEN,0.0443
LCB00001220,C0001130,BR034,SAVINGS,2019-12-24,,OPEN,0.0116
LCB00001221,C0001304,BR015,MONEY_MARKET,2025-08-08,,OPEN,0.0355
LCB00001222,C0000830,BR034,CHECKING,2025-08-15,,OPEN,0.0006
LCB00001223,C0000831,BR006,SAVINGS,2017-11-16,,OPEN,0.0076
LCB00001224,C0000946,BR030,SAVINGS,2022-01-05,,OPEN,0.0091
LCB00001225,C0000947,BR013,SAVINGS,2018-02-06,,OPEN,0.0103
LCB00001226,C0000500,BR021,CHECKING,2025-09-05,,OPEN,0.0007
LCB00001227,C0001334,BR034,CHECKING,2022-04-19,,OPEN,0.0002
LCB00001228,C0000250,BR019,CD,2020-08-04,,OPEN,0.0412
LCB00001229,C0000300,BR040,SAVINGS,2014-04-30,,OPEN,0.0041
LCB00001230,C0000486,BR024,CHECKING,2026-01-25,2026-08-17,CLOSED,0.0005
LCB00001231,C0001265,BR034,CHECKING,2026-02-10,,OPEN,0.0008
LCB00001232,C0000132,BR026,MONEY_MARKET,2024-09-13,2026-07-29,CLOSED,0.0344
LCB00001233,C0000980,BR001,CHECKING,2015-02-07,,OPEN,0.0008
LCB00001234,C0000047,BR014,CHECKING,2025-08-31,,OPEN,0.0010
LCB00001235,C0000137,BR010,CD,2024-01-14,,OPEN,0.0375
LCB00001236,C0000075,BR017,CHECKING,2023-11-13,,OPEN,0.0006
LCB00001237,C0001304,BR015,CHECKING,2019-03-12,,OPEN,0.0005
LCB00001238,C0000792,BR001,MONEY_MARKET,2020-01-31,,OPEN,0.0323
LCB00001239,C0000650,BR015,CHECKING,2022-11-27,,OPEN,0.0001
LCB00001240,C0001072,BR041,CHECKING,2012-03-07,,OPEN,0.0008
LCB00001241,C0000901,BR009,SAVINGS,2021-06-22,,OPEN,0.0051
LCB00001242,C0000914,BR023,MONEY_MARKET,2013-01-18,,OPEN,0.0263
LCB00001243,C0000599,BR003,CHECKING,2025-07-24,,OPEN,0.0000
LCB00001244,C0000162,BR029,CHECKING,2021-10-16,,OPEN,0.0003
LCB00001245,C0000783,BR008,SAVINGS,2021-02-08,,OPEN,0.0118
LCB00001246,C0000049,BR015,MONEY_MARKET,2021-09-06,,OPEN,0.0264
LCB00001247,C0000008,BR042,SAVINGS,2021-09-05,,OPEN,0.0114
LCB00001248,C0000739,BR016,CHECKING,2018-09-05,,OPEN,0.0008
LCB00001249,C0000441,BR026,SAVINGS,2011-11-18,,OPEN,0.0120
LCB00001250,C0000814,BR026,CHECKING,2024-07-22,,OPEN,0.0001
LCB00001251,C0001093,BR033,CHECKING,2022-03-06,,OPEN,0.0008
LCB00001252,C0001041,BR024,CHECKING,2024-04-10,,OPEN,0.0000
LCB00001253,C0000394,BR004,CD,2025-03-12,,OPEN,0.0442
LCB00001254,C0000369,BR012,CHECKING,2025-05-01,,OPEN,0.0007
LCB00001255,C0000275,BR009,SAVINGS,2023-09-16,,OPEN,0.0085
LCB00001256,C0001271,BR010,CHECKING,2026-01-12,,OPEN,0.0005
LCB00001257,C0001179,BR023,CHECKING,2021-11-04,,OPEN,0.0008
LCB00001258,C0000489,BR032,SAVINGS,2008-02-28,,OPEN,0.0120
LCB00001259,C0000613,BR032,CHECKING,2025-07-29,,OPEN,0.0009
LCB00001260,C0000483,BR038,CD,2002-01-27,,OPEN,0.0433
LCB00001261,C0000745,BR035,CHECKING,2026-08-02,,OPEN,0.0003
LCB00001262,C0000624,BR022,MONEY_MARKET,2025-11-18,,OPEN,0.0344
LCB00001263,C0000995,BR026,SAVINGS,2023-01-27,2026-08-18,CLOSED,0.0074
LCB00001264,C0000002,BR030,CD,2017-02-15,,OPEN,0.0423
LCB00001265,C0001134,BR016,SAVINGS,2025-07-09,,OPEN,0.0115
LCB00001266,C0000793,BR031,MONEY_MARKET,2010-09-06,,OPEN,0.0219
LCB00001267,C0001276,BR042,CHECKING,2004-10-07,,OPEN,0.0005
LCB00001268,C0000365,BR023,CD,2021-04-18,,OPEN,0.0403
LCB00001269,C0000427,BR039,CHECKING,2026-01-22,,OPEN,0.0007
LCB00001270,C0000798,BR005,CHECKING,2020-12-08,,OPEN,0.0009
LCB00001271,C0000431,BR041,CD,2026-06-12,,OPEN,0.0400
LCB00001272,C0000952,BR019,SAVINGS,2025-12-06,,OPEN,0.0105
LCB00001273,C0000209,BR042,CHECKING,2026-04-03,,OPEN,0.0001
LCB00001274,C0000058,BR009,MONEY_MARKET,2018-12-10,,OPEN,0.0344
LCB00001275,C0000380,BR023,SAVINGS,2022-04-14,,OPEN,0.0057
LCB00001276,C0000349,BR019,CHECKING,2025-05-12,,OPEN,0.0004
LCB00001277,C0001356,BR022,CD,2016-11-03,,OPEN,0.0426
LCB00001278,C0001431,BR031,CHECKING,2023-01-04,,OPEN,0.0002
LCB00001279,C0000869,BR001,CHECKING,2021-12-04,,OPEN,0.0003
LCB00001280,C0000403,BR009,CHECKING,2005-01-04,,OPEN,0.0005
LCB00001281,C0001185,BR014,SAVINGS,2022-03-05,,OPEN,0.0107
LCB00001282,C0000992,BR004,MONEY_MARKET,2019-09-19,,OPEN,0.0328
LCB00001283,C0000920,BR021,CHECKING,2025-11-18,,OPEN,0.0010
LCB00001284,C0001138,BR011,CHECKING,2024-02-11,,OPEN,0.0003
LCB00001285,C0000425,BR026,CHECKING,2020-04-22,,OPEN,0.0008
LCB00001286,C0000039,BR034,CD,2010-12-27,,OPEN,0.0430
LCB00001287,C0000913,BR013,CHECKING,2026-06-20,,OPEN,0.0006
LCB00001288,C0001408,BR030,CHECKING,2019-03-05,,OPEN,0.0009
LCB00001289,C0000374,BR004,CD,2013-09-07,,OPEN,0.0395
LCB00001290,C0000962,BR037,CHECKING,2004-10-31,,OPEN,0.0010
LCB00001291,C0000386,BR007,CD,2020-03-30,,OPEN,0.0472
LCB00001292,C0000439,BR020,SAVINGS,2019-03-11,,OPEN,0.0060
LCB00001293,C0000932,BR026,SAVINGS,2024-09-08,,OPEN,0.0053
LCB00001294,C0000573,BR030,CD,2012-05-07,,OPEN,0.0438
LCB00001295,C0001217,BR042,SAVINGS,2024-05-27,,OPEN,0.0069
LCB00001296,C0001007,BR010,CHECKING,2024-10-18,,OPEN,0.0009
LCB00001297,C0001258,BR035,CHECKING,2024-07-22,,OPEN,0.0003
LCB00001298,C0000276,BR012,MONEY_MARKET,2026-01-10,,OPEN,0.0247
LCB00001299,C0000534,BR027,MONEY_MARKET,2025-10-04,,OPEN,0.0304
LCB00001300,C0000941,BR033,CHECKING,2022-09-15,,OPEN,0.0005
LCB00001301,C0000394,BR033,SAVINGS,2025-08-03,,OPEN,0.0096
LCB00001302,C0000216,BR041,CHECKING,2010-03-30,,OPEN,0.0006
LCB00001303,C0001373,BR013,SAVINGS,2025-01-01,,OPEN,0.0068
LCB00001304,C0000742,BR028,SAVINGS,2022-07-25,,OPEN,0.0048
LCB00001305,C0000803,BR014,SAVINGS,2019-12-15,,OPEN,0.0045
LCB00001306,C0000632,BR005,CHECKING,2010-04-29,,OPEN,0.0006
LCB00001307,C0000541,BR012,SAVINGS,2022-10-17,,OPEN,0.0078
LCB00001308,C0000718,BR016,CHECKING,2014-01-19,,OPEN,0.0008
LCB00001309,C0000822,BR036,CD,2013-04-14,,OPEN,0.0448
LCB00001310,C0000723,BR021,CHECKING,2026-06-05,,OPEN,0.0010
LCB00001311,C0001112,BR018,CHECKING,2026-03-08,,OPEN,0.0005
LCB00001312,C0000417,BR034,SAVINGS,2016-12-22,,OPEN,0.0099
LCB00001313,C0000610,BR029,SAVINGS,2026-06-10,,OPEN,0.0062
LCB00001314,C0000696,BR011,SAVINGS,2024-09-19,,OPEN,0.0113
LCB00001315,C0000181,BR008,SAVINGS,2007-01-20,,OPEN,0.0071
LCB00001316,C0000598,BR027,CHECKING,2026-08-09,,OPEN,0.0000
LCB00001317,C0000530,BR013,CHECKING,2018-06-11,,OPEN,0.0002
LCB00001318,C0001420,BR023,MONEY_MARKET,2025-03-18,,OPEN,0.0336
LCB00001319,C0000472,BR012,SAVINGS,2022-05-25,,OPEN,0.0105
LCB00001320,C0001330,BR041,CHECKING,2022-01-07,,OPEN,0.0004
LCB00001321,C0000362,BR015,CHECKING,2009-11-24,,OPEN,0.0007
LCB00001322,C0000083,BR014,SAVINGS,2018-03-07,,OPEN,0.0052
LCB00001323,C0000841,BR028,CHECKING,2018-11-23,,OPEN,0.0001
LCB00001324,C0000119,BR039,SAVINGS,2019-07-29,,OPEN,0.0048
LCB00001325,C0000665,BR041,CHECKING,2008-01-12,,OPEN,0.0002
LCB00001326,C0001363,BR011,CHECKING,2024-08-13,,OPEN,0.0003
LCB00001327,C0000168,BR037,MONEY_MARKET,2017-12-20,,OPEN,0.0254
LCB00001328,C0000722,BR025,CD,2024-09-13,,OPEN,0.0388
LCB00001329,C0001210,BR042,MONEY_MARKET,2022-12-04,,OPEN,0.0287
LCB00001330,C0001366,BR019,CHECKING,2015-08-28,,OPEN,0.0004
LCB00001331,C0001230,BR018,CHECKING,2011-09-26,,OPEN,0.0002
LCB00001332,C0000140,BR009,CHECKING,2021-06-20,,OPEN,0.0007
LCB00001333,C0001132,BR005,SAVINGS,2018-06-03,,OPEN,0.0045
LCB00001334,C0000787,BR007,CHECKING,2004-07-26,,OPEN,0.0002
LCB00001335,C0001044,BR036,MONEY_MARKET,2023-10-04,,OPEN,0.0295
LCB00001336,C0000845,BR013,CHECKING,2024-11-03,,OPEN,0.0004
LCB00001337,C0001251,BR030,CHECKING,2026-03-10,,OPEN,0.0007
LCB00001338,C0000654,BR023,CHECKING,2013-01-04,,OPEN,0.0007
LCB00001339,C0000797,BR004,CHECKING,2024-03-15,,OPEN,0.0008
LCB00001340,C0000226,BR041,CD,2026-06-17,,OPEN,0.0440
LCB00001341,C0001236,BR023,CHECKING,2006-09-16,,OPEN,0.0002
LCB00001342,C0001161,BR007,SAVINGS,2023-10-13,,OPEN,0.0075
LCB00001343,C0001196,BR022,SAVINGS,2026-06-19,,OPEN,0.0117
LCB00001344,C0000986,BR007,CD,2025-10-05,,OPEN,0.0403
LCB00001345,C0000543,BR009,CHECKING,2000-07-31,,OPEN,0.0009
LCB00001346,C0000155,BR003,CD,2026-04-10,,OPEN,0.0437
LCB00001347,C0001115,BR017,MONEY_MARKET,2022-09-02,,OPEN,0.0290
LCB00001348,C0000522,BR015,SAVINGS,2023-11-13,,OPEN,0.0069
LCB00001349,C0000061,BR018,CHECKING,2026-06-18,,OPEN,0.0006
LCB00001350,C0001418,BR018,SAVINGS,2012-01-17,,OPEN,0.0081
LCB00001351,C0000813,BR024,CHECKING,2016-03-27,,OPEN,0.0009
LCB00001352,C0000876,BR031,SAVINGS,2004-06-29,,OPEN,0.0091
LCB00001353,C0000467,BR038,SAVINGS,2021-10-29,,OPEN,0.0121
LCB00001354,C0000523,BR035,MONEY_MARKET,2024-07-11,,OPEN,0.0311
LCB00001355,C0000367,BR025,SAVINGS,2021-07-26,,OPEN,0.0072
LCB00001356,C0000338,BR027,CHECKING,2017-03-30,,OPEN,0.0009
LCB00001357,C0000627,BR029,CHECKING,2026-05-15,,OPEN,0.0003
LCB00001358,C0001202,BR006,CHECKING,2025-02-22,,OPEN,0.0003
LCB00001359,,BR032,SAVINGS,2019-04-25,,OPEN,0.0093
LCB00001360,C0000511,BR034,CHECKING,2022-11-01,,OPEN,0.0006
LCB00001361,C0000804,BR027,CHECKING,2021-08-31,,OPEN,0.0005
LCB00001362,C0001139,BR032,SAVINGS,2014-08-19,,OPEN,0.0066
LCB00001363,C0001051,BR003,CHECKING,2010-05-17,,OPEN,0.0009
LCB00001364,C0000050,BR002,MONEY_MARKET,2018-04-30,,OPEN,0.0336
LCB00001365,C0000477,BR018,CHECKING,2025-02-11,,OPEN,0.0002
LCB00001366,C0001025,BR038,CHECKING,2025-08-21,,OPEN,0.0007
LCB00001367,C0000702,BR012,CHECKING,2025-05-04,,OPEN,0.0001
LCB00001368,C0000086,BR022,CHECKING,2017-12-11,,OPEN,0.0010
LCB00001369,C0001384,BR019,SAVINGS,2026-08-25,,OPEN,0.0078
LCB00001370,C0000509,BR019,CHECKING,2020-12-07,,OPEN,0.0005
LCB00001371,C0000296,BR032,CHECKING,2023-02-12,,OPEN,0.0007
LCB00001372,C0001083,BR041,CHECKING,2024-10-15,,OPEN,0.0004
LCB00001373,C0000724,BR017,SAVINGS,2025-12-11,,OPEN,0.0077
LCB00001374,C0000752,BR001,CHECKING,2024-01-12,,OPEN,0.0000
LCB00001375,C0000525,BR016,SAVINGS,2024-09-01,,OPEN,0.0054
LCB00001376,C0000806,BR002,CHECKING,2026-04-22,2026-07-28,CLOSED,0.0007
LCB00001377,C0000257,BR018,SAVINGS,2025-10-31,,OPEN,0.0081
LCB00001378,C0000978,BR001,SAVINGS,2020-04-13,,OPEN,0.0099
LCB00001379,C0000935,BR027,CHECKING,2023-02-26,,OPEN,0.0000
LCB00001380,C0000329,BR009,MONEY_MARKET,2026-06-26,,OPEN,0.0228
LCB00001381,C0000535,BR036,CHECKING,2026-08-22,,OPEN,0.0000
LCB00001382,C0000426,BR025,SAVINGS,2026-05-11,,OPEN,0.0122
LCB00001383,C0001286,BR020,SAVINGS,2021-05-04,,OPEN,0.0089
LCB00001384,C0000603,BR031,SAVINGS,2026-05-06,,OPEN,0.0115
LCB00001385,C0000126,BR030,SAVINGS,2024-02-04,,OPEN,0.0118
LCB00001386,C0001201,BR015,CHECKING,2021-02-05,,OPEN,0.0000
LCB00001387,C0001199,BR042,SAVINGS,2023-06-14,,OPEN,0.0086
LCB00001388,C0000857,BR016,CHECKING,2025-03-30,,OPEN,0.0008
LCB00001389,C0000321,BR031,CHECKING,2025-10-29,,OPEN,0.0010
LCB00001390,C0000249,BR006,CHECKING,2023-11-10,,OPEN,0.0009
LCB00001391,C0000571,BR005,CHECKING,2018-08-01,,OPEN,0.0001
LCB00001392,C0001167,BR015,CHECKING,2012-03-17,,OPEN,0.0007
LCB00001393,C0001350,BR010,MONEY_MARKET,2019-05-12,,OPEN,0.0357
LCB00001394,C0001142,BR002,MONEY_MARKET,1998-08-20,,OPEN,0.0360
LCB00001395,C0000568,BR040,SAVINGS,2024-02-29,,OPEN,0.0044
LCB00001396,C0000936,BR003,SAVINGS,2023-02-05,,OPEN,0.0120
LCB00001397,C0001370,BR037,CD,2026-05-28,,OPEN,0.0401
LCB00001398,C0001190,BR001,CD,2024-01-05,,OPEN,0.0417
LCB00001399,C0000165,BR014,SAVINGS,2025-09-14,,OPEN,0.0125
LCB00001400,C0000481,BR042,MONEY_MARKET,2022-05-01,,OPEN,0.0354
LCB00001401,C0000222,BR027,CHECKING,2024-04-23,,OPEN,0.0002
LCB00001402,C0000909,BR039,CHECKING,2024-04-07,,OPEN,0.0002
LCB00001403,C0000810,BR005,SAVINGS,2026-06-14,,OPEN,0.0105
LCB00001404,C0001094,BR031,SAVINGS,2019-10-26,,OPEN,0.0081
LCB00001405,C0000554,BR017,SAVINGS,2005-11-10,,OPEN,0.0081
LCB00001406,C0001391,BR006,SAVINGS,2022-02-14,,OPEN,0.0049
LCB00001407,C0001333,BR027,SAVINGS,2026-05-23,,OPEN,0.0058
LCB00001408,C0000313,BR023,CD,2025-12-25,,OPEN,0.0359
LCB00001409,C0000350,BR043,CHECKING,2021-11-29,,OPEN,0.0007
LCB00001410,C0001008,BR038,SAVINGS,2025-07-26,,OPEN,0.0070
LCB00001411,C0001061,BR029,CD,2007-07-27,,OPEN,0.0387
LCB00001412,C0001321,BR040,SAVINGS,2026-08-25,,OPEN,0.0122
LCB00001413,C0000362,BR015,CD,2016-02-02,,OPEN,0.0368
LCB00001414,C0000787,BR007,CHECKING,2025-01-17,,OPEN,0.0001
LCB00001415,C0000311,BR002,CHECKING,2026-04-29,,OPEN,0.0000
LCB00001416,C0000210,BR026,CHECKING,2026-09-04,,OPEN,0.0008
LCB00001417,C0000378,BR028,SAVINGS,2016-10-27,,OPEN,0.0113
LCB00001418,C0001286,BR020,SAVINGS,2026-01-21,,OPEN,0.0059
LCB00001419,C0001102,BR002,CHECKING,2022-03-04,,OPEN,0.0001
LCB00001420,C0000045,BR013,SAVINGS,2025-10-19,,OPEN,0.0050
LCB00001421,C0001061,BR029,CHECKING,2021-02-17,,OPEN,0.0004
LCB00001422,C0000073,BR009,CHECKING,2023-05-27,,OPEN,0.0009
LCB00001423,C0000221,BR007,SAVINGS,2018-07-10,,OPEN,0.0105
LCB00001424,C0001334,BR010,SAVINGS,2026-01-30,,OPEN,0.0056
LCB00001425,C0000510,BR015,SAVINGS,2023-04-18,,OPEN,0.0074
LCB00001426,C0001247,BR041,CHECKING,2020-11-06,,OPEN,0.0008
LCB00001427,C0001132,BR005,CD,2026-01-24,,OPEN,0.0416
LCB00001428,C0000887,BR001,SAVINGS,2026-01-21,,OPEN,0.0048
LCB00001429,C0000985,BR004,SAVINGS,2023-02-20,,OPEN,0.0070
LCB00001430,C0000443,BR019,SAVINGS,2022-03-13,,OPEN,0.0054
LCB00001431,C0000144,BR005,SAVINGS,2021-01-03,,OPEN,0.0097
LCB00001432,C0001246,BR020,SAVINGS,2026-09-14,,OPEN,0.0116
LCB00001433,C0000159,BR034,MONEY_MARKET,2012-06-20,,OPEN,0.0208
LCB00001434,C0000563,BR015,CHECKING,2025-12-20,,OPEN,0.0007
LCB00001435,C0000666,BR009,CHECKING,2023-08-23,,OPEN,0.0008
LCB00001436,C0001085,BR011,MONEY_MARKET,2025-04-15,,OPEN,0.0228
LCB00001437,C0000320,BR006,SAVINGS,2011-08-01,,OPEN,0.0124
LCB00001438,C0000643,BR038,CHECKING,2017-10-09,,OPEN,0.0000
LCB00001439,C0000103,BR034,MONEY_MARKET,2025-07-24,2026-08-20,CLOSED,0.0336
LCB00001440,C0000228,BR040,CHECKING,2024-11-10,,OPEN,0.0008
LCB00001441,C0000121,BR037,SAVINGS,2026-07-06,,OPEN,0.0096
LCB00001442,C0000082,BR029,MONEY_MARKET,2019-02-14,,OPEN,0.0335
LCB00001443,C0001104,BR028,CHECKING,2021-10-12,,OPEN,0.0008
LCB00001444,C0001200,BR006,CD,2025-10-05,,OPEN,0.0430
LCB00001445,C0000246,BR020,CHECKING,2013-09-04,,OPEN,0.0002
LCB00001446,C0000003,BR007,CHECKING,2023-11-19,,OPEN,0.0009
LCB00001447,C0000302,BR025,CHECKING,2026-08-02,,OPEN,0.0002
LCB00001448,C0000205,BR002,CHECKING,2026-06-28,,OPEN,0.0005
LCB00001449,C0000352,BR024,CHECKING,2017-03-04,,OPEN,0.0009
LCB00001450,C0000438,BR034,CHECKING,2017-07-23,,OPEN,0.0003
LCB00001451,C0000369,BR012,CHECKING,2019-04-06,,OPEN,0.0003
LCB00001452,C0000737,BR030,CHECKING,2024-04-20,,OPEN,0.0002
LCB00001453,C0000832,BR020,CHECKING,2016-11-27,,OPEN,0.0008
LCB00001454,C0000882,BR003,CHECKING,2019-03-07,,OPEN,0.0002
LCB00001455,C0001173,BR028,SAVINGS,2024-11-21,,OPEN,0.0077
LCB00001456,C0000822,BR012,CHECKING,2015-04-07,,OPEN,0.0008
LCB00001457,C0000984,BR014,CD,2024-10-05,,OPEN,0.0461
LCB00001458,C0001430,BR026,SAVINGS,2024-11-23,,OPEN,0.0094
LCB00001459,C0001011,BR007,MONEY_MARKET,2010-08-28,,OPEN,0.0330
LCB00001460,C0001333,BR017,CHECKING,2026-04-16,,OPEN,0.0001
LCB00001461,C0000404,BR008,SAVINGS,2009-01-20,,OPEN,0.0067
LCB00001462,C0000160,BR026,CHECKING,2014-03-29,,OPEN,0.0001
LCB00001463,C0001106,BR025,CHECKING,2024-06-02,,OPEN,0.0002
LCB00001464,C0000500,BR021,CHECKING,2019-07-02,,OPEN,0.0002
LCB00001465,C0000580,BR021,SAVINGS,2016-02-17,,OPEN,0.0081
LCB00001466,C0000775,BR020,SAVINGS,2017-07-25,,OPEN,0.0119
LCB00001467,C0000736,BR015,MONEY_MARKET,2026-05-27,,OPEN,0.0372
LCB00001468,C0000831,BR006,CHECKING,2025-04-18,,OPEN,0.0004
LCB00001469,C0001277,BR007,SAVINGS,2026-05-25,,OPEN,0.0058
LCB00001470,C0001300,BR010,CHECKING,2011-01-03,,OPEN,0.0005
LCB00001471,C0000842,BR019,CHECKING,2019-04-30,2026-07-08,CLOSED,0.0008
LCB00001472,C0001013,BR014,CHECKING,2017-11-20,,OPEN,0.0001
LCB00001473,C0000798,BR021,CHECKING,2023-09-24,,OPEN,0.0006
LCB00001474,C0000389,BR010,CD,2025-08-20,,OPEN,0.0456
LCB00001475,C0001196,BR022,CHECKING,2024-10-01,,OPEN,0.0007
LCB00001476,C0000382,BR038,SAVINGS,2023-06-07,,OPEN,0.0053
LCB00001477,C0000258,BR011,CHECKING,2008-03-01,,OPEN,0.0005
LCB00001478,C0000114,BR018,SAVINGS,2003-11-10,,OPEN,0.0094
LCB00001479,C0000207,BR029,MONEY_MARKET,2025-05-09,,OPEN,0.0225
LCB00001480,C0000732,BR033,MONEY_MARKET,2008-06-09,,OPEN,0.0278
LCB00001481,C0000835,BR021,CHECKING,2025-12-17,,OPEN,0.0007
LCB00001482,C0000274,BR035,CHECKING,2026-09-05,,OPEN,0.0003
LCB00001483,C0001234,BR037,CHECKING,2024-12-18,,OPEN,0.0003
LCB00001484,C0001089,BR009,SAVINGS,2023-07-18,,OPEN,0.0090
LCB00001485,C0000391,BR008,SAVINGS,2025-04-23,,OPEN,0.0089
LCB00001486,C0001245,BR023,MONEY_MARKET,2024-12-04,,OPEN,0.0288
LCB00001487,C0000376,BR017,CHECKING,2026-06-29,,OPEN,0.0008
LCB00001488,C0001243,BR014,CHECKING,2010-07-02,,OPEN,0.0009
LCB00001489,C0000238,BR016,CHECKING,2011-10-01,,OPEN,0.0010
LCB00001490,C0000016,BR019,CD,2026-04-16,,OPEN,0.0426
LCB00001491,C0000428,BR033,SAVINGS,2021-06-10,,OPEN,0.0062
LCB00001492,C0000310,BR003,CHECKING,2015-07-13,,OPEN,0.0004
LCB00001493,C0000819,BR032,SAVINGS,2024-11-12,,OPEN,0.0078
LCB00001494,C0000734,BR030,SAVINGS,2025-05-24,,OPEN,0.0070
LCB00001495,C0000898,BR007,CHECKING,2023-05-17,,OPEN,0.0001
LCB00001496,C0000593,BR005,CHECKING,2016-08-23,,OPEN,0.0006
LCB00001497,C0001021,BR021,CD,2018-05-09,,OPEN,0.0363
LCB00001498,C0000292,BR018,CHECKING,2024-11-04,,OPEN,0.0005
LCB00001499,C0000455,BR028,CHECKING,2009-10-01,,OPEN,0.0000
LCB00001500,C0000768,BR010,CD,2016-10-01,,OPEN,0.0420
LCB00001501,C0000390,BR009,CHECKING,2026-02-11,,OPEN,0.0003
LCB00001502,C0000906,BR031,CD,2022-02-01,,OPEN,0.0363
LCB00001503,C0001295,BR013,SAVINGS,2021-11-05,,OPEN,0.0065
LCB00001504,C0001125,BR029,CHECKING,2024-04-19,,OPEN,0.0001
LCB00001505,C0001265,BR034,MONEY_MARKET,2018-08-20,,OPEN,0.0203
LCB00001506,C0001156,BR002,CD,2021-06-25,,OPEN,0.0400
LCB00001507,C0000251,BR040,MONEY_MARKET,2024-11-01,,OPEN,0.0352
LCB00001508,C0000954,BR003,MONEY_MARKET,2018-10-21,,OPEN,0.0210
LCB00001509,C0001069,BR035,SAVINGS,2021-04-21,,OPEN,0.0093
LCB00001510,C0000167,BR031,CD,2024-04-16,,OPEN,0.0428
LCB00001511,C0001165,BR018,CHECKING,2025-11-13,,OPEN,0.0005
LCB00001512,C0000641,BR019,CD,2024-04-16,2026-07-22,CLOSED,0.0447
LCB00001513,C0001025,BR038,SAVINGS,2026-03-06,,OPEN,0.0109
LCB00001514,C0000785,BR023,SAVINGS,2020-08-29,,OPEN,0.0105
LCB00001515,C0001040,BR029,CD,2017-05-13,,OPEN,0.0384
LCB00001516,C0000091,BR005,CD,2017-06-12,,OPEN,0.0371
LCB00001517,C0001092,BR037,SAVINGS,2025-07-15,,OPEN,0.0125
LCB00001518,C0001319,BR013,CHECKING,2014-02-16,,OPEN,0.0006
LCB00001519,C0000560,BR016,SAVINGS,2026-04-23,,OPEN,0.0076
LCB00001520,C0000150,BR041,MONEY_MARKET,2013-06-16,,OPEN,0.0365
LCB00001521,C0001424,BR020,SAVINGS,2021-03-15,,OPEN,0.0073
LCB00001522,C0000686,BR042,CHECKING,2026-06-11,,OPEN,0.0008
LCB00001523,C0000990,BR003,CHECKING,2014-07-17,,OPEN,0.0000
LCB00001524,C0001148,BR023,CHECKING,2025-08-22,,OPEN,0.0007
LCB00001525,C0001163,BR021,CHECKING,2022-10-18,,OPEN,0.0004
LCB00001526,C0000987,BR020,SAVINGS,2006-01-21,,OPEN,0.0045
LCB00001527,C0000597,BR005,CD,2018-10-01,,OPEN,0.0437
LCB00001528,C0000805,BR011,SAVINGS,2024-04-03,,OPEN,0.0115
LCB00001529,C0001266,BR006,CD,2010-06-06,,OPEN,0.0408
LCB00001530,C0001396,BR028,MONEY_MARKET,2024-10-12,,OPEN,0.0248
LCB00001531,C0000872,BR011,SAVINGS,2025-04-04,,OPEN,0.0121
LCB00001532,C0001351,BR009,CHECKING,2023-10-17,,OPEN,0.0005
LCB00001533,C0000824,BR034,CHECKING,2026-05-09,,OPEN,0.0010
LCB00001534,C0001155,BR039,CHECKING,2018-05-20,,OPEN,0.0004
LCB00001535,C0000048,BR002,CHECKING,2023-07-22,,OPEN,0.0000
LCB00001536,C0000156,BR033,CHECKING,2015-08-04,,OPEN,0.0008
LCB00001537,C0000535,BR036,SAVINGS,2026-08-22,,OPEN,0.0042
LCB00001538,C0000104,BR006,CHECKING,2007-04-27,,OPEN,0.0004
LCB00001539,C0001023,BR033,CHECKING,2023-02-14,,OPEN,0.0002
LCB00001540,C0000022,BR005,CHECKING,2019-03-28,,OPEN,0.0004
LCB00001541,C0001198,BR009,SAVINGS,2025-08-27,,OPEN,0.0098
LCB00001542,C0001065,BR013,CHECKING,2009-03-25,,OPEN,0.0007
LCB00001543,C0001319,BR013,CHECKING,2020-10-16,,OPEN,0.0000
LCB00001544,C0001022,BR012,MONEY_MARKET,2010-11-09,,OPEN,0.0316
LCB00001545,C0001014,BR041,CHECKING,2022-12-13,,OPEN,0.0008
LCB00001546,C0000340,BR022,CHECKING,2024-12-08,,OPEN,0.0004
LCB00001547,C0000474,BR025,CHECKING,2023-12-12,,OPEN,0.0008
LCB00001548,C0000398,BR017,CD,2024-10-25,,OPEN,0.0447
LCB00001549,C0001334,BR010,CHECKING,2022-11-11,,OPEN,0.0009
LCB00001550,C0001364,BR014,CHECKING,2022-12-06,,OPEN,0.0000
LCB00001551,C0001093,BR033,SAVINGS,2019-07-12,,OPEN,0.0103
LCB00001552,C0001233,BR008,SAVINGS,2024-06-28,,OPEN,0.0056
LCB00001553,C0000991,BR022,CHECKING,2026-07-28,,OPEN,0.0006
LCB00001554,C0000688,BR041,CHECKING,2025-12-19,,OPEN,0.0004
LCB00001555,C0000368,BR006,CHECKING,2025-02-23,,OPEN,0.0006
LCB00001556,C0000849,BR011,CHECKING,2024-01-27,,OPEN,0.0007
LCB00001557,C0000736,BR015,CHECKING,2026-01-03,,OPEN,0.0007
LCB00001558,C0000074,BR013,CD,2024-11-11,,OPEN,0.0379
LCB00001559,C0001049,BR015,CHECKING,2016-05-01,,OPEN,0.0000
LCB00001560,C0000957,BR013,CHECKING,2023-03-05,,OPEN,0.0003
LCB00001561,C0000216,BR041,MONEY_MARKET,2007-09-22,,OPEN,0.0276
LCB00001562,C0000896,BR015,CHECKING,2022-04-28,,OPEN,0.0006
LCB00001563,C0000198,BR001,MONEY_MARKET,2011-08-02,,OPEN,0.0363
LCB00001564,C0000220,BR012,SAVINGS,2024-02-01,,OPEN,0.0123
LCB00001565,C0000069,BR042,SAVINGS,2007-06-11,,OPEN,0.0071
LCB00001566,C0000224,BR017,SAVINGS,2011-12-24,2026-07-13,CLOSED,0.0120
LCB00001567,C0000755,BR014,CHECKING,2016-06-03,,OPEN,0.0000
LCB00001568,C0000948,BR009,SAVINGS,2023-05-19,,OPEN,0.0087
LCB00001569,C0001348,BR039,SAVINGS,2006-08-28,,OPEN,0.0064
LCB00001570,C0001231,BR032,CHECKING,2025-02-28,,OPEN,0.0000
LCB00001571,C0000670,BR016,CHECKING,2023-05-22,,OPEN,0.0010
LCB00001572,C0000584,BR022,CHECKING,2024-05-05,,OPEN,0.0002
LCB00001573,C0000458,BR042,SAVINGS,2014-07-07,,OPEN,0.0041
LCB00001574,C0000311,BR002,SAVINGS,2026-03-13,,OPEN,0.0101
LCB00001575,C0000227,BR031,CHECKING,2022-12-08,,OPEN,0.0001
LCB00001576,C0000532,BR014,CHECKING,2023-06-16,,OPEN,0.0008
LCB00001577,C0000779,BR022,CHECKING,2022-06-14,,OPEN,0.0005
LCB00001578,C0000898,BR006,CHECKING,2025-08-03,,OPEN,0.0000
LCB00001579,C0001183,BR001,MONEY_MARKET,2018-02-24,,OPEN,0.0257
LCB00001580,C0000190,BR041,SAVINGS,2004-05-28,,OPEN,0.0107
LCB00001581,C0000733,BR035,SAVINGS,2024-10-08,,OPEN,0.0050
LCB00001582,C0001043,BR006,MONEY_MARKET,1998-07-07,,OPEN,0.0201
LCB00001583,C0000342,BR039,MONEY_MARKET,2026-05-20,,OPEN,0.0238
LCB00001584,C0001338,BR038,SAVINGS,2024-10-08,,OPEN,0.0079
LCB00001585,C0000097,BR041,CHECKING,2023-06-19,,OPEN,0.0006
LCB00001586,C0000614,BR004,CHECKING,2025-09-12,,OPEN,0.0005
LCB00001587,C0000494,BR014,SAVINGS,2021-09-22,,OPEN,0.0088
LCB00001588,C0000032,BR009,SAVINGS,2026-09-08,,OPEN,0.0072
LCB00001589,C0001136,BR034,SAVINGS,2020-06-03,,OPEN,0.0103
LCB00001590,C0000062,BR013,SAVINGS,2021-01-04,,OPEN,0.0124
LCB00001591,C0001038,BR017,CHECKING,2024-05-28,,OPEN,0.0005
LCB00001592,C0001235,BR032,CD,2010-06-11,,OPEN,0.0438
LCB00001593,C0001222,BR008,CHECKING,2024-09-01,,OPEN,0.0000
LCB00001594,C0000042,BR024,CHECKING,2024-02-17,,OPEN,0.0006
LCB00001595,C0001211,BR031,SAVINGS,2026-02-17,,OPEN,0.0043
LCB00001596,C0001301,BR022,SAVINGS,2024-10-21,,OPEN,0.0104
LCB00001597,C0001383,BR031,CD,2019-02-24,,OPEN,0.0358
LCB00001598,C0000968,BR020,CHECKING,2022-03-09,,OPEN,0.0001
LCB00001599,C0001122,BR039,CHECKING,1999-03-07,,OPEN,0.0004
LCB00001600,C0000182,BR032,CHECKING,2024-04-05,,OPEN,0.0008
LCB00001601,C0000993,BR026,SAVINGS,2024-02-08,,OPEN,0.0053
LCB00001602,C0001339,BR023,CHECKING,2018-09-11,,OPEN,0.0005
LCB00001603,C0000021,BR033,SAVINGS,2026-08-31,,OPEN,0.0092
LCB00001604,C0000040,BR028,SAVINGS,2003-02-27,,OPEN,0.0042
LCB00001605,C0000269,BR026,CHECKING,2025-10-14,,OPEN,0.0004
LCB00001606,C0001285,BR026,CHECKING,2026-08-20,,OPEN,0.0001
LCB00001607,C0001434,BR041,SAVINGS,2024-12-27,,OPEN,0.0112
LCB00001608,C0001346,BR042,CHECKING,2021-01-10,,OPEN,0.0008
LCB00001609,C0000169,BR010,SAVINGS,2025-03-21,,OPEN,0.0090
LCB00001610,C0000484,BR018,MONEY_MARKET,2025-12-26,,OPEN,0.0223
LCB00001611,C0000682,BR002,SAVINGS,2020-12-15,,OPEN,0.0085
LCB00001612,C0000059,BR041,CHECKING,2010-12-10,,OPEN,0.0006
LCB00001613,C0000674,BR021,SAVINGS,2017-07-04,,OPEN,0.0125
LCB00001614,C0000370,BR020,MONEY_MARKET,2024-10-18,,OPEN,0.0252
LCB00001615,C0001080,BR029,CHECKING,2024-06-25,,OPEN,0.0000
LCB00001616,C0000099,BR017,SAVINGS,2026-04-20,,OPEN,0.0121
LCB00001617,C0000272,BR027,CD,2022-07-06,,OPEN,0.0384
LCB00001618,C0000071,BR010,SAVINGS,2004-06-14,,OPEN,0.0056
LCB00001619,C0000668,BR004,CHECKING,2026-05-04,,OPEN,0.0008
LCB00001620,C0000332,BR015,CHECKING,2026-02-25,,OPEN,0.0002
LCB00001621,C0001098,BR010,SAVINGS,2026-04-12,,OPEN,0.0118
LCB00001622,C0000090,BR012,SAVINGS,2026-03-15,,OPEN,0.0096
LCB00001623,C0001284,BR036,SAVINGS,2007-12-05,,OPEN,0.0093
LCB00001624,C0001136,BR034,MONEY_MARKET,2019-06-04,,OPEN,0.0248
LCB00001625,C0000498,BR040,CHECKING,2003-01-17,,OPEN,0.0001
LCB00001626,C0000421,BR013,CD,2019-11-30,,OPEN,0.0351
LCB00001627,C0000990,BR003,SAVINGS,2014-02-27,,OPEN,0.0050
LCB00001628,C0000687,BR024,SAVINGS,2023-10-30,,OPEN,0.0097
LCB00001629,C0000569,BR014,MONEY_MARKET,2025-05-29,,OPEN,0.0274
LCB00001630,C0000891,BR005,SAVINGS,2025-03-16,,OPEN,0.0100
LCB00001631,C0000145,BR007,CD,2011-01-23,,OPEN,0.0384
LCB00001632,C0000777,BR022,SAVINGS,2022-02-07,,OPEN,0.0042
LCB00001633,C0000852,BR028,SAVINGS,2009-10-10,,OPEN,0.0120
LCB00001634,C0000933,BR024,CHECKING,2020-02-09,,OPEN,0.0004
LCB00001635,C0000537,BR035,CHECKING,2024-07-03,,OPEN,0.0006
LCB00001636,C0001289,BR025,SAVINGS,2026-03-05,,OPEN,0.0103
LCB00001637,C0000174,BR010,MONEY_MARKET,2000-06-02,,OPEN,0.0345
LCB00001638,C0000758,BR013,SAVINGS,2019-08-12,,OPEN,0.0088
LCB00001639,C0001101,BR012,CHECKING,2020-07-31,,OPEN,0.0002
LCB00001640,C0000106,BR022,CHECKING,2015-12-20,,OPEN,0.0004
LCB00001641,C0001108,BR039,CHECKING,2020-03-04,,OPEN,0.0010
LCB00001642,C0001398,BR021,CD,2026-02-17,,OPEN,0.0416
LCB00001643,C0001444,BR012,CD,2022-03-04,,OPEN,0.0417
LCB00001643,C0001444,BR020,SAVINGS,2022-03-04,,OPEN,0.0417
LCB00001644,C0000518,BR001,MONEY_MARKET,2023-11-23,,OPEN,0.0237
LCB00001645,C0001439,BR017,CHECKING,2011-06-08,,OPEN,0.0009
LCB00001646,C0001371,BR033,SAVINGS,2020-05-17,,OPEN,0.0048
LCB00001647,C0000681,BR027,CHECKING,2014-01-28,,OPEN,0.0001
LCB00001648,C0000701,BR003,CD,2023-06-19,,OPEN,0.0382
LCB00001649,C0000700,BR024,CHECKING,2018-02-25,,OPEN,0.0005
LCB00001650,C0001328,BR032,SAVINGS,2020-05-11,,OPEN,0.0096
LCB00001651,C0000414,BR023,SAVINGS,2019-02-19,,OPEN,0.0110
LCB00001652,C0001240,BR039,CHECKING,2026-06-19,,OPEN,0.0000
LCB00001653,C0000773,BR036,CHECKING,2024-01-16,,OPEN,0.0002
LCB00001654,C0000809,BR028,SAVINGS,2009-12-30,,OPEN,0.0095
LCB00001655,C0000590,BR041,CD,2009-05-16,,OPEN,0.0450
LCB00001656,C0000142,BR037,CHECKING,2015-11-08,,OPEN,0.0007
LCB00001657,C0000834,BR041,CHECKING,2016-04-24,,OPEN,0.0004
LCB00001658,C0000173,BR022,CHECKING,2015-11-20,,OPEN,0.0009
LCB00001659,C0001046,BR022,CHECKING,2023-02-27,,OPEN,0.0002
LCB00001660,C0000115,BR027,CHECKING,2020-05-18,,OPEN,0.0001
LCB00001661,C0000148,BR027,CHECKING,2023-08-18,,OPEN,0.0005
LCB00001662,C0000749,BR038,MONEY_MARKET,2023-02-08,,OPEN,0.0241
LCB00001663,C0000016,BR019,SAVINGS,2025-11-17,,OPEN,0.0116
LCB00001664,C0000499,BR001,CHECKING,2017-02-07,,OPEN,0.0004
LCB00001665,C0000238,BR038,CHECKING,2006-08-09,,OPEN,0.0009
LCB00001666,C0001238,BR016,CHECKING,2026-02-10,,OPEN,0.0002
LCB00001667,C0000141,BR020,CHECKING,2025-11-28,,OPEN,0.0005
LCB00001668,C0001445,BR003,CD,2026-08-06,,OPEN,0.0448
LCB00001669,C0000990,BR003,SAVINGS,2023-06-29,,OPEN,0.0083
LCB00001670,C0001232,BR001,CHECKING,2025-06-14,,OPEN,0.0008
LCB00001671,C0000209,BR042,MONEY_MARKET,2026-06-16,,OPEN,0.0201
LCB00001672,C0000940,BR019,CHECKING,2015-12-03,,OPEN,0.0002
LCB00001673,C0000566,BR010,MONEY_MARKET,2026-01-12,,OPEN,0.0374
LCB00001674,C0001189,BR025,CHECKING,2008-08-13,,OPEN,0.0002
LCB00001675,C0000861,BR039,SAVINGS,2023-01-05,,OPEN,0.0118
LCB00001676,C0000413,BR041,CHECKING,2026-05-10,,OPEN,0.0001
LCB00001677,C0001206,BR006,CHECKING,2009-11-08,,OPEN,0.0004
LCB00001678,C0000178,BR009,MONEY_MARKET,2012-05-26,,OPEN,0.0264
LCB00001679,C0000335,BR025,MONEY_MARKET,2026-03-27,,OPEN,0.0367
LCB00001680,C0001364,BR014,CHECKING,2024-08-06,,OPEN,0.0003
LCB00001681,C0000080,BR002,CHECKING,2025-09-29,,OPEN,0.0008
LCB00001682,C0001219,BR008,MONEY_MARKET,2026-04-16,,OPEN,0.0313
LCB00001683,C0000393,BR031,CHECKING,2026-09-14,,OPEN,0.0003
LCB00001684,C0001342,BR015,SAVINGS,2022-03-26,,OPEN,0.0047
LCB00001685,C0000800,BR004,CHECKING,2023-05-02,,OPEN,0.0000
LCB00001686,C0001012,BR013,CD,2025-10-24,,OPEN,0.0360
LCB00001687,C0000983,BR008,CHECKING,2005-11-19,,OPEN,0.0001
LCB00001688,C0001063,BR012,CD,2022-05-27,,OPEN,0.0467
LCB00001689,C0000223,BR022,CHECKING,2021-12-12,,OPEN,0.0001
LCB00001690,C0000004,BR041,SAVINGS,2015-11-03,,OPEN,0.0108
LCB00001691,C0001324,BR017,CHECKING,2025-12-11,,OPEN,0.0000
LCB00001692,C0000081,BR011,CHECKING,2025-10-04,2026-07-22,CLOSED,0.0006
LCB00001693,C0000685,BR038,CD,2014-12-14,,OPEN,0.0418
LCB00001694,C0000712,BR031,MONEY_MARKET,2019-06-13,,OPEN,0.0281
LCB00001695,C0001022,BR012,CHECKING,2023-10-10,,OPEN,0.0004
LCB00001696,C0000842,BR019,MONEY_MARKET,2020-11-24,,OPEN,0.0244
LCB00001697,C0001187,BR030,MONEY_MARKET,2024-11-17,,OPEN,0.0249
LCB00001698,C0001117,BR040,CHECKING,2018-05-13,,OPEN,0.0003
LCB00001699,C0000117,BR031,CHECKING,2016-08-25,,OPEN,0.0006
LCB00001700,C0001355,BR031,CHECKING,2025-08-04,,OPEN,0.0006
LCB00001701,C0001335,BR035,CHECKING,2005-12-09,,OPEN,0.0003
LCB00001702,C0000262,BR021,CHECKING,2020-12-29,,OPEN,0.0001
LCB00001703,C0000273,BR040,SAVINGS,2023-06-05,,OPEN,0.0042
LCB00001704,C0000625,BR035,CD,2025-07-09,,OPEN,0.0423
LCB00001705,C0001077,BR020,CHECKING,2025-02-07,,OPEN,0.0002
LCB00001706,C0000596,BR024,CHECKING,2008-04-08,,OPEN,0.0005
LCB00001707,C0000965,BR022,SAVINGS,2026-03-29,,OPEN,0.0079
LCB00001708,C0000031,BR016,MONEY_MARKET,2015-11-02,,OPEN,0.0361
LCB00001709,C0001125,BR029,CHECKING,2023-05-05,,OPEN,0.0006
LCB00001710,C0000763,BR014,SAVINGS,2016-12-11,,OPEN,0.0073
LCB00001711,C0000612,BR013,MONEY_MARKET,2024-06-20,,OPEN,0.0340
LCB00001712,C0000280,BR007,CD,2008-07-11,,OPEN,0.0358
LCB00001713,C0000780,BR034,CD,2020-07-12,,OPEN,0.0458
LCB00001714,C0000432,BR000,CHECKING,2019-12-12,,OPEN,0.0004
LCB00001715,C0000234,BR036,CHECKING,2025-10-09,,OPEN,0.0010
LCB00001716,C0001210,BR042,CHECKING,2026-07-24,2026-08-27,CLOSED,0.0003
LCB00001717,C0000921,BR036,CHECKING,2026-07-22,,OPEN,0.0007
LCB00001718,C0000928,BR025,CHECKING,2017-07-05,,OPEN,0.0009
LCB00001719,C0000875,BR002,MONEY_MARKET,2026-06-08,,OPEN,0.0327
LCB00001720,C0000200,BR017,CHECKING,2022-10-28,,OPEN,0.0010
LCB00001721,C0000918,BR007,CHECKING,2022-03-16,,OPEN,0.0009
LCB00001722,C0001343,BR005,SAVINGS,2024-12-04,,OPEN,0.0041
LCB00001723,C0000915,BR041,CD,2022-01-13,,OPEN,0.0401
LCB00001724,C0000617,BR027,SAVINGS,2022-08-06,,OPEN,0.0117
LCB00001725,C0000030,BR018,CHECKING,2019-10-10,,OPEN,0.0003
LCB00001726,C0001435,BR004,CHECKING,2022-06-05,,OPEN,0.0003
LCB00001727,C0000606,BR003,CHECKING,2024-04-03,,OPEN,0.0006
LCB00001728,C0001036,BR002,CHECKING,2026-02-13,,OPEN,0.0001
LCB00001729,C0000252,BR034,CHECKING,2024-12-09,,OPEN,0.0006
LCB00001730,C0000827,BR007,MONEY_MARKET,2001-06-20,,OPEN,0.0220
LCB00001731,C0000622,BR006,CD,2022-03-31,2026-07-12,CLOSED,0.0475
LCB00001732,C0000491,BR026,CHECKING,2025-02-15,,OPEN,0.0008
LCB00001733,C0000544,BR004,CHECKING,2010-06-20,,OPEN,0.0004
LCB00001734,C0000826,BR033,CHECKING,2023-12-30,,OPEN,0.0003
LCB00001735,C0000245,BR008,CHECKING,2020-09-12,,OPEN,0.0007
LCB00001736,C0000736,BR015,CHECKING,2026-08-09,,OPEN,0.0002
LCB00001737,,BR036,MONEY_MARKET,2001-06-16,,OPEN,0.0299
LCB00001738,C0000379,BR017,CHECKING,2006-04-06,,OPEN,0.0002
LCB00001739,C0000788,BR018,CHECKING,2010-09-23,,OPEN,0.0007
LCB00001740,C0001384,BR019,MONEY_MARKET,2014-06-25,,OPEN,0.0237
LCB00001741,C0000878,BR011,CHECKING,2016-09-19,,OPEN,0.0007
LCB00001742,C0000628,BR041,CD,2023-05-23,,OPEN,0.0461
LCB00001743,C0001427,BR033,SAVINGS,2026-06-06,,OPEN,0.0048
LCB00001744,C0000519,BR035,CHECKING,2018-07-25,,OPEN,0.0003
LCB00001745,C0001088,BR018,CHECKING,2025-12-21,,OPEN,0.0004
LCB00001746,C0000425,BR026,CHECKING,2019-07-12,,OPEN,0.0002
LCB00001747,C0000981,BR023,CD,2024-05-10,,OPEN,0.0383
LCB00001748,C0000010,BR029,CHECKING,2026-01-08,,OPEN,0.0002
LCB00001749,C0000649,BR024,CD,2025-08-19,,OPEN,0.0388
LCB00001750,C0001345,BR032,CHECKING,2015-09-17,,OPEN,0.0002
LCB00001751,C0000553,BR019,MONEY_MARKET,2008-11-11,,OPEN,0.0276
LCB00001752,C0000220,BR012,SAVINGS,2004-11-11,,OPEN,0.0106
LCB00001753,C0000357,BR010,SAVINGS,2017-09-19,,OPEN,0.0105
LCB00001754,C0000581,BR036,SAVINGS,2008-05-12,,OPEN,0.0085
LCB00001755,C0000725,BR007,CHECKING,2017-12-07,,OPEN,0.0007
LCB00001756,C0000062,BR013,CHECKING,2023-10-07,,OPEN,0.0008
LCB00001757,C0001270,BR005,SAVINGS,2021-09-16,,OPEN,0.0054
LCB00001758,C0000082,BR029,CHECKING,2011-08-21,,OPEN,0.0004
LCB00001759,C0000840,BR021,SAVINGS,2018-01-07,,OPEN,0.0075
LCB00001760,C0000996,BR010,SAVINGS,2005-09-21,,OPEN,0.0105
LCB00001761,C0001343,BR005,CHECKING,2024-06-07,,OPEN,0.0004
LCB00001762,C0000177,BR023,MONEY_MARKET,2021-09-22,,OPEN,0.0225
LCB00001763,C0000833,BR014,SAVINGS,2022-01-25,,OPEN,0.0061
LCB00001764,C0000677,BR040,SAVINGS,2024-08-21,,OPEN,0.0058
LCB00001765,C0000092,BR006,SAVINGS,2020-10-08,,OPEN,0.0092
LCB00001766,C0000333,BR030,CHECKING,2026-07-19,,OPEN,0.0008
LCB00001767,C0000264,BR004,CHECKING,2024-11-09,,OPEN,0.0004
LCB00001768,C0000910,BR023,CHECKING,2025-12-03,,OPEN,0.0002
LCB00001769,C0000689,BR041,CHECKING,2025-09-20,,OPEN,0.0005
LCB00001770,C0000816,BR035,SAVINGS,2023-04-09,,OPEN,0.0103
LCB00001771,C0000939,BR033,MONEY_MARKET,2008-07-24,,OPEN,0.0288
LCB00001772,C0000069,BR042,CHECKING,2012-06-08,,OPEN,0.0010
LCB00001773,C0001051,BR003,CD,1998-02-06,,OPEN,0.0418
LCB00001774,C0000999,BR041,SAVINGS,2026-09-20,,OPEN,0.0055
LCB00001775,C0000559,BR029,SAVINGS,2017-09-28,,OPEN,0.0118
LCB00001776,C0000041,BR042,CHECKING,2016-09-30,,OPEN,0.0008
LCB00001777,C0001362,BR020,CD,2025-08-05,,OPEN,0.0406
LCB00001778,C0001293,BR012,SAVINGS,2017-08-18,,OPEN,0.0096
LCB00001779,C0000324,BR024,SAVINGS,2023-06-29,,OPEN,0.0103
LCB00001780,C0001354,BR002,SAVINGS,2003-05-05,,OPEN,0.0088
LCB00001781,C0001327,BR013,CHECKING,2013-04-23,2026-08-06,CLOSED,0.0004
LCB00001782,C0000565,BR036,MONEY_MARKET,2023-05-21,,OPEN,0.0303
LCB00001783,C0000478,BR008,CHECKING,2012-08-26,,OPEN,0.0002
LCB00001784,C0000397,BR011,MONEY_MARKET,2007-06-18,,OPEN,0.0362
LCB00001785,C0000036,BR006,CD,2021-09-18,,OPEN,0.0382
LCB00001786,C0000557,BR033,SAVINGS,2000-12-19,,OPEN,0.0067
LCB00001787,C0000931,BR003,CHECKING,2020-12-28,,OPEN,0.0005
LCB00001788,C0000098,BR020,SAVINGS,2026-04-20,,OPEN,0.0042
LCB00001789,C0000963,BR033,CHECKING,2026-03-21,,OPEN,0.0004
LCB00001790,C0000561,BR039,SAVINGS,2025-01-22,,OPEN,0.0056
LCB00001791,C0000794,BR003,CHECKING,2026-06-14,,OPEN,0.0005
LCB00001792,C0000236,BR007,CHECKING,2008-04-25,,OPEN,0.0006
LCB00001793,C0001026,BR012,CHECKING,2014-10-04,,OPEN,0.0009
LCB00001794,C0001312,BR026,CD,2018-10-30,,OPEN,0.0370
LCB00001795,C0000825,BR041,CHECKING,2024-11-07,,OPEN,0.0002
LCB00001796,C0000097,BR041,SAVINGS,2025-05-12,,OPEN,0.0068
LCB00001797,C0000871,BR037,CHECKING,2021-09-15,,OPEN,0.0010
LCB00001798,C0000879,BR021,MONEY_MARKET,2025-07-26,,OPEN,0.0216
LCB00001799,C0001355,BR031,CHECKING,2025-04-04,,OPEN,0.0004
LCB00001800,C0001167,BR015,CHECKING,2026-08-02,,OPEN,0.0005
LCB00001801,C0000438,BR034,CHECKING,2018-10-01,,OPEN,0.0002
LCB00001802,C0000152,BR027,CD,2023-01-12,,OPEN,0.0421
LCB00001803,C0001438,BR018,SAVINGS,2016-06-27,,OPEN,0.0096
LCB00001804,C0001071,BR001,CHECKING,2025-06-20,,OPEN,0.0005
LCB00001805,C0000868,BR038,CHECKING,2022-12-04,,OPEN,0.0008
LCB00001806,C0000053,BR018,MONEY_MARKET,2022-10-23,,OPEN,0.0285
LCB00001807,C0000810,BR005,SAVINGS,2024-11-05,,OPEN,0.0078
LCB00001808,C0001350,BR008,SAVINGS,2020-06-27,,OPEN,0.0044
LCB00001809,C0000183,BR003,CHECKING,2025-02-13,,OPEN,0.0009
LCB00001810,C0000059,BR008,CHECKING,2004-03-05,,OPEN,0.0010
LCB00001811,C0001133,BR020,CHECKING,2000-02-19,,OPEN,0.0005
LCB00001812,C0000551,BR028,CHECKING,2020-10-12,,OPEN,0.0002
LCB00001813,C0000764,BR001,SAVINGS,2025-11-16,,OPEN,0.0089
LCB00001814,C0001394,BR019,SAVINGS,2006-10-06,,OPEN,0.0057
LCB00001815,C0000600,BR002,CHECKING,2022-04-13,,OPEN,0.0010
LCB00001816,C0000006,BR002,CHECKING,2025-08-01,,OPEN,0.0004
LCB00001817,C0001015,BR037,CHECKING,2011-10-03,,OPEN,0.0005
LCB00001818,C0000263,BR029,CHECKING,2021-04-16,,OPEN,0.0008
LCB00001819,C0000407,BR042,SAVINGS,2016-09-02,,OPEN,0.0076
LCB00001820,C0000423,BR015,SAVINGS,2020-09-19,,OPEN,0.0062
LCB00001821,C0000664,BR024,CHECKING,2026-07-30,,OPEN,0.0000
LCB00001822,C0000823,BR003,CHECKING,2023-05-12,,OPEN,0.0004
LCB00001823,C0000378,BR028,CHECKING,2003-05-14,,OPEN,0.0005
LCB00001824,C0000108,BR026,CHECKING,2022-11-28,,OPEN,0.0005
LCB00001825,C0000002,BR030,SAVINGS,2024-12-08,,OPEN,0.0052
LCB00001826,C0001056,BR042,MONEY_MARKET,2022-02-14,,OPEN,0.0327
LCB00001827,C0000138,BR006,SAVINGS,2012-07-17,,OPEN,0.0068
LCB00001828,C0000964,BR014,SAVINGS,2026-07-29,,OPEN,0.0098
LCB00001829,C0001292,BR024,CHECKING,2026-03-15,,OPEN,0.0009
LCB00001830,C0000895,BR027,CHECKING,2013-09-30,,OPEN,0.0002
LCB00001831,C0000713,BR025,CHECKING,2026-09-17,,OPEN,0.0007
LCB00001832,C0000450,BR024,CHECKING,2023-01-28,,OPEN,0.0009
LCB00001833,C0000753,BR006,CHECKING,2025-04-17,,OPEN,0.0002
LCB00001834,C0001140,BR012,SAVINGS,2025-01-16,,OPEN,0.0042
LCB00001835,C0001029,BR028,CHECKING,1999-09-08,,OPEN,0.0007
LCB00001836,C0000154,BR039,CHECKING,2025-02-07,,OPEN,0.0006
LCB00001837,C0000453,BR038,MONEY_MARKET,2025-07-24,,OPEN,0.0235
LCB00001838,C0000089,BR024,CD,2024-07-07,,OPEN,0.0447
LCB00001839,C0000087,BR011,SAVINGS,2023-08-21,,OPEN,0.0100
LCB00001840,C0000111,BR005,CHECKING,2025-09-30,,OPEN,0.0003
LCB00001841,C0001266,BR006,SAVINGS,2014-10-04,,OPEN,0.0054
LCB00001842,C0000212,BR011,SAVINGS,2018-02-26,,OPEN,0.0122
LCB00001843,C0001237,BR008,CHECKING,2023-04-15,,OPEN,0.0008
LCB00001844,C0000433,BR022,SAVINGS,2026-07-22,,OPEN,0.0045
LCB00001845,C0000545,BR028,CHECKING,2020-08-30,,OPEN,0.0002
LCB00001846,C0001404,BR021,CHECKING,2015-05-15,,OPEN,0.0004
LCB00001847,C0000205,BR002,CHECKING,2026-02-16,,OPEN,0.0000
LCB00001848,C0000059,BR008,CHECKING,2022-07-20,,OPEN,0.0006
LCB00001849,C0000671,BR020,MONEY_MARKET,2022-09-04,,OPEN,0.0323
LCB00001850,C0000164,BR006,CHECKING,2025-03-24,,OPEN,0.0003
LCB00001851,C0000409,BR031,CD,2018-04-14,,OPEN,0.0449
LCB00001852,C0000287,BR035,CHECKING,2019-12-03,,OPEN,0.0000
LCB00001853,C0000100,BR019,CHECKING,2015-09-09,,OPEN,0.0002
LCB00001854,C0000175,BR018,SAVINGS,2024-07-29,,OPEN,0.0116
LCB00001855,C0000977,BR035,CHECKING,2026-08-20,,OPEN,0.0003
LCB00001856,C0001003,BR036,MONEY_MARKET,2026-08-26,,OPEN,0.0316
LCB00001857,C0000643,BR038,CHECKING,2021-01-29,,OPEN,0.0007
LCB00001858,C0000127,BR023,SAVINGS,2025-08-24,,OPEN,0.0111
LCB00001859,C0001165,BR017,MONEY_MARKET,2021-09-11,,OPEN,0.0285
LCB00001860,C0000126,BR030,CD,2023-06-08,,OPEN,0.0458
LCB00001861,C0000103,BR034,CHECKING,2011-11-10,,OPEN,0.0004
LCB00001862,C0000319,BR038,CHECKING,2004-12-05,,OPEN,0.0006
LCB00001863,C0001332,BR021,MONEY_MARKET,2021-05-17,,OPEN,0.0205
LCB00001864,C0001263,BR004,CHECKING,2021-03-05,,OPEN,0.0008
LCB00001865,C0000764,BR001,SAVINGS,2026-07-05,,OPEN,0.0059
LCB00001866,C0000247,BR014,CD,2015-06-13,,OPEN,0.0389
LCB00001867,C0000881,BR004,CHECKING,2026-06-26,,OPEN,0.0002
LCB00001868,C0000635,BR038,MONEY_MARKET,2010-11-09,,OPEN,0.0234
LCB00001869,C0000602,BR005,SAVINGS,2026-04-16,,OPEN,0.0093
LCB00001870,C0000824,BR034,CHECKING,2009-10-19,,OPEN,0.0010
LCB00001871,C0001217,BR026,CHECKING,2010-03-24,,OPEN,0.0003
LCB00001872,C0000997,BR012,CHECKING,2024-06-24,,OPEN,0.0006
LCB00001873,C0000054,BR036,CHECKING,2009-09-03,,OPEN,0.0009
LCB00001874,C0000720,BR016,CHECKING,2025-12-22,,OPEN,0.0005
LCB00001875,C0001264,BR009,CHECKING,2024-06-16,2026-07-14,CLOSED,0.0001
LCB00001876,C0000107,BR019,MONEY_MARKET,2019-08-22,,OPEN,0.0290
LCB00001877,C0000460,BR002,MONEY_MARKET,2011-03-30,,OPEN,0.0262
LCB00001878,C0001215,BR009,CD,2025-11-09,,OPEN,0.0420
LCB00001879,C0000586,BR042,CHECKING,2007-02-01,,OPEN,0.0008
LCB00001880,C0001034,BR023,CHECKING,2008-04-02,,OPEN,0.0005
LCB00001881,C0001174,BR036,CHECKING,2014-12-17,,OPEN,0.0007
LCB00001882,C0000432,BR031,CHECKING,2024-05-19,,OPEN,0.0008
LCB00001883,C0000917,BR032,CHECKING,2024-01-19,,OPEN,0.0005
LCB00001884,C0000116,BR034,SAVINGS,2023-02-09,,OPEN,0.0100
LCB00001885,C0000406,BR001,CHECKING,2018-11-04,,OPEN,0.0006
LCB00001886,C0000877,BR001,MONEY_MARKET,2010-10-01,,OPEN,0.0346
LCB00001887,C0000804,BR027,CHECKING,2022-01-11,,OPEN,0.0001
LCB00001888,C0001220,BR030,SAVINGS,2026-02-11,,OPEN,0.0078
LCB00001889,C0000279,BR021,CHECKING,2019-09-26,,OPEN,0.0004
LCB00001890,C0001176,BR009,CHECKING,2019-10-22,,OPEN,0.0002
LCB00001891,C0000165,BR014,CD,2025-08-11,,OPEN,0.0381
LCB00001892,C0001322,BR014,CD,2025-02-24,,OPEN,0.0417
LCB00001893,C0001124,BR006,CHECKING,2023-03-03,,OPEN,0.0008
LCB00001894,C0000145,BR007,CHECKING,2017-10-12,,OPEN,0.0000
LCB00001895,C0000212,BR011,SAVINGS,2021-05-21,,OPEN,0.0104
LCB00001896,C0000717,BR016,CHECKING,2006-02-11,,OPEN,0.0008
LCB00001897,C0000919,BR006,CD,2026-01-07,,OPEN,0.0356
LCB00001898,C0001310,BR008,SAVINGS,2021-02-14,,OPEN,0.0063
LCB00001899,C0000306,BR006,CHECKING,2009-05-20,,OPEN,0.0000
LCB00001900,C0000874,BR022,CHECKING,2026-07-08,,OPEN,0.0003
LCB00001901,C0001153,BR002,CHECKING,2003-11-19,,OPEN,0.0002
LCB00001902,C0001207,BR009,CD,2022-10-01,,OPEN,0.0356
LCB00001903,C0000572,BR004,SAVINGS,2026-06-10,,OPEN,0.0060
LCB00001904,C0000889,BR036,CD,2012-05-18,,OPEN,0.0439
LCB00001905,C0000764,BR001,CHECKING,2025-04-07,,OPEN,0.0002
LCB00001906,C0000052,BR003,SAVINGS,2007-08-13,,OPEN,0.0100
LCB00001907,C0001064,BR016,CHECKING,2024-03-22,,OPEN,0.0008
LCB00001908,C0001239,BR012,SAVINGS,2018-02-24,,OPEN,0.0067
LCB00001909,C0001217,BR026,CHECKING,2023-07-27,,OPEN,0.0007
LCB00001910,C0001018,BR025,CHECKING,2022-12-02,,OPEN,0.0001
LCB00001911,C0001123,BR001,CHECKING,2015-08-08,,OPEN,0.0000
LCB00001912,C0000886,BR008,SAVINGS,2019-06-28,,OPEN,0.0105
LCB00001913,C0001341,BR031,SAVINGS,2025-01-06,,OPEN,0.0111
LCB00001914,C0000957,BR013,CHECKING,2022-09-08,,OPEN,0.0007
LCB00001915,C0001235,BR032,CD,2007-10-09,,OPEN,0.0358
LCB00001916,C0000107,BR002,CHECKING,2025-11-24,,OPEN,0.0004
LCB00001917,C0000719,BR036,CHECKING,2018-10-22,,OPEN,0.0002
LCB00001918,C0000306,BR006,CHECKING,2007-09-26,,OPEN,0.0001
LCB00001919,C0000998,BR027,CHECKING,2019-06-13,,OPEN,0.0004
LCB00001920,C0000085,BR016,CHECKING,2016-10-19,,OPEN,0.0002
LCB00001921,C0000556,BR014,MONEY_MARKET,2025-05-30,,OPEN,0.0269
LCB00001922,C0001227,BR036,SAVINGS,2025-12-21,,OPEN,0.0088
LCB00001923,C0000604,BR037,CD,2026-04-06,,OPEN,0.0423
LCB00001924,C0000231,BR010,SAVINGS,2025-01-02,,OPEN,0.0075
LCB00001925,C0000379,BR017,CHECKING,2016-08-27,,OPEN,0.0008
LCB00001926,C0000348,BR041,CHECKING,2025-12-18,,OPEN,0.0005
LCB00001927,C0000463,BR036,CHECKING,2016-02-10,,OPEN,0.0005
LCB00001928,C0001314,BR041,SAVINGS,2025-09-20,,OPEN,0.0102
LCB00001929,C0000309,BR027,SAVINGS,2018-10-10,,OPEN,0.0060
LCB00001930,C0001237,BR012,CHECKING,2025-05-30,,OPEN,0.0001
LCB00001931,C0001164,BR001,SAVINGS,2024-01-09,,OPEN,0.0044
LCB00001932,C0001059,BR001,MONEY_MARKET,2020-08-24,,OPEN,0.0343
LCB00001933,C0000709,BR009,SAVINGS,2021-08-11,,OPEN,0.0049
LCB00001934,C0000929,BR021,SAVINGS,2025-04-30,,OPEN,0.0044
LCB00001935,C0000904,BR034,SAVINGS,2026-03-07,,OPEN,0.0058
LCB00001936,C0000187,BR008,CHECKING,2000-03-06,,OPEN,0.0004
LCB00001937,C0000461,BR037,SAVINGS,2023-09-04,2026-07-19,CLOSED,0.0096
LCB00001938,C0000995,BR026,CHECKING,2026-02-21,,OPEN,0.0009
LCB00001939,C0000564,BR025,SAVINGS,2025-01-12,,OPEN,0.0040
LCB00001940,C0001221,BR027,CHECKING,2026-05-06,,OPEN,0.0002
LCB00001941,C0001149,BR011,CHECKING,2025-12-25,,OPEN,0.0002
LCB00001942,C0000285,BR015,CHECKING,2022-09-11,,OPEN,0.0010
LCB00001943,C0000684,BR035,SAVINGS,2021-09-23,,OPEN,0.0121
LCB00001944,C0001303,BR023,CHECKING,2026-01-07,,OPEN,0.0010
LCB00001945,C0000566,BR010,CD,2026-01-20,,OPEN,0.0432
LCB00001946,C0000829,BR010,CHECKING,2025-01-07,,OPEN,0.0007
LCB00001947,C0000657,BR017,SAVINGS,2019-05-26,,OPEN,0.0058
LCB00001948,C0000775,BR020,SAVINGS,2008-03-20,,OPEN,0.0102
LCB00001949,C0000345,BR040,CHECKING,2024-11-28,,OPEN,0.0007
LCB00001950,C0001274,BR042,CHECKING,2026-08-05,,OPEN,0.0004
LCB00001951,C0001301,BR022,SAVINGS,2006-09-20,,OPEN,0.0043
LCB00001952,C0000626,BR010,CHECKING,2026-01-07,,OPEN,0.0009
LCB00001953,C0000822,BR036,CHECKING,2020-11-05,,OPEN,0.0006
LCB00001954,C0000388,BR022,SAVINGS,2003-04-28,,OPEN,0.0074
LCB00001955,C0000163,BR022,CHECKING,2023-05-20,,OPEN,0.0002
LCB00001956,C0000451,BR032,SAVINGS,2026-06-10,,OPEN,0.0059
LCB00001957,C0001403,BR010,SAVINGS,2025-02-28,,OPEN,0.0071
LCB00001958,C0000192,BR001,SAVINGS,2025-04-14,,OPEN,0.0100
LCB00001959,C0001096,BR019,CHECKING,2025-04-05,,OPEN,0.0004
LCB00001960,C0001248,BR015,SAVINGS,2021-11-06,,OPEN,0.0119
LCB00001961,C0001054,BR020,MONEY_MARKET,2025-10-29,,OPEN,0.0218
LCB00001962,C0000616,BR021,CHECKING,2024-02-29,,OPEN,0.0006
LCB00001963,C0000214,BR011,CHECKING,2014-11-24,,OPEN,0.0006
LCB00001964,C0000444,BR029,SAVINGS,2023-11-16,,OPEN,0.0108
LCB00001965,C0001255,BR007,CD,2019-02-06,,OPEN,0.0366
LCB00001966,C0000863,BR015,MONEY_MARKET,2026-05-03,,OPEN,0.0352
LCB00001967,C0000919,BR006,SAVINGS,2025-11-11,,OPEN,0.0123
LCB00001968,C0000304,BR018,CHECKING,2025-07-16,,OPEN,0.0008
LCB00001969,C0000208,BR028,CD,2021-01-13,,OPEN,0.0455
LCB00001970,C0001193,BR032,SAVINGS,2021-02-25,,OPEN,0.0054
LCB00001971,C0001186,BR012,CHECKING,2026-04-21,,OPEN,0.0008
LCB00001972,C0000187,BR008,SAVINGS,2006-08-31,,OPEN,0.0055
LCB00001973,C0000705,BR035,SAVINGS,2001-10-21,,OPEN,0.0084
LCB00001974,C0001218,BR038,CD,2025-06-02,,OPEN,0.0362
LCB00001975,C0000687,BR024,MONEY_MARKET,2024-03-29,,OPEN,0.0344
LCB00001976,C0000705,BR035,CHECKING,1999-08-08,,OPEN,0.0004
LCB00001977,C0000693,BR009,CD,2026-09-19,,OPEN,0.0425
LCB00001978,C0001037,BR034,SAVINGS,2019-01-10,,OPEN,0.0045
LCB00001979,C0000327,BR002,MONEY_MARKET,2025-10-22,,OPEN,0.0346
LCB00001980,C0001020,BR005,CHECKING,2026-05-08,,OPEN,0.0002
LCB00001981,C0000210,BR026,CD,2025-08-09,,OPEN,0.0420
LCB00001982,C0000106,BR022,CHECKING,2022-11-25,,OPEN,0.0008
LCB00001983,C0001046,BR022,CHECKING,2023-11-29,,OPEN,0.0000
LCB00001984,C0001162,BR014,CHECKING,2020-10-30,,OPEN,0.0007
LCB00001985,C0000514,BR034,CHECKING,2009-10-25,,OPEN,0.0007
LCB00001986,C0001370,BR037,SAVINGS,2026-06-23,,OPEN,0.0112
LCB00001987,C0000458,BR042,CHECKING,2016-10-04,,OPEN,0.0004
LCB00001988,C0000917,BR002,CHECKING,2025-03-01,,OPEN,0.0004
LCB00001989,C0001220,BR030,SAVINGS,2026-05-18,,OPEN,0.0059
LCB00001990,C0000926,BR024,CHECKING,2025-09-28,,OPEN,0.0009
LCB00001991,C0001390,BR018,SAVINGS,2025-06-01,,OPEN,0.0068
LCB00001992,C0000752,BR001,SAVINGS,2021-03-24,,OPEN,0.0080
LCB00001993,C0000138,BR006,CHECKING,2013-08-09,,OPEN,0.0003
LCB00001994,C0000657,BR017,CHECKING,2024-09-02,,OPEN,0.0008
LCB00001995,C0000112,BR021,MONEY_MARKET,2026-09-25,,OPEN,0.0301
LCB00001996,C0000475,BR014,CHECKING,2011-03-07,,OPEN,0.0001
LCB00001997,C0000662,BR009,CHECKING,2026-07-19,,OPEN,0.0007
LCB00001998,C0000432,BR028,SAVINGS,2022-12-30,,OPEN,0.0093
LCB00001999,C0000118,BR026,SAVINGS,2025-09-02,,OPEN,0.0118
LCB00002000,C0001426,BR033,CHECKING,2024-06-23,,OPEN,0.0007
